fecha_hora,vehiculos,personas
2025-01-01T10:00:00,11,22
2025-01-01T11:00:00,9,24
2025-01-01T12:00:00,6,27
2025-01-01T13:00:00,7,76
2025-01-01T14:00:00,8,83
2025-01-01T14:00:00,8,83
2025-01-01T15:00:00,7,77
2025-01-01T16:00:00,4,69
2025-01-01T17:00:00,6,63
2025-01-01T18:00:00,2,52
2025-01-01T19:00:00,1,3
2025-01-02T10:00:00,27,52
2025-01-02T11:00:00,11,43
2025-01-02T12:00:00,10,79
2025-01-02T13:00:00,9,122
2025-01-02T14:00:00,9,149
2025-01-02T15:00:00,5,181
2025-01-02T16:00:00,5,153
2025-01-02T16:00:00,5,153
2025-01-02T17:00:00,4,134
2025-01-02T18:00:00,3,67
2025-01-02T19:00:00,2,3
2025-01-03T10:00:00,11,22
2025-01-03T11:00:00,3,44
2025-01-03T12:00:00,3,68
2025-01-03T13:00:00,4,89
2025-01-03T14:00:00,4,107
2025-01-03T15:00:00,3,74
2025-01-03T16:00:00,5,54
2025-01-03T17:00:00,5,68
2025-01-03T18:00:00,4,50
2025-01-03T19:00:00,3,5
2025-01-04T10:00:00,12,24
2025-01-04T11:00:00,3,34
2025-01-04T12:00:00,3,71
2025-01-04T13:00:00,3,93
2025-01-04T15:00:00,3,93
2025-01-04T16:00:00,2,81
2025-01-04T17:00:00,1,64
2025-01-04T19:00:00,1,2
2025-01-05T10:00:00,2,4
2025-01-05T11:00:00,2,21
2025-01-05T12:00:00,1,54
2025-01-05T13:00:00,0,58
2025-01-05T14:00:00,0,70
2025-01-05T15:00:00,0,57
2025-01-05T16:00:00,0,44
2025-01-05T17:00:00,0,53
2025-01-05T18:00:00,0,31
2025-01-05T19:00:00,0,0
2025-01-06T10:00:00,4,8
2025-01-06T11:00:00,3,25
2025-01-06T12:00:00,5,38
2025-01-06T13:00:00,1,51
2025-01-06T14:00:00,2,73
2025-01-06T15:00:00,5,83
2025-01-06T16:00:00,2,81
2025-01-06T16:00:00,3,83
2025-01-06T17:00:00,0,97
2025-01-06T18:00:00,1,77
2025-01-06T18:00:00,1,77
2025-01-06T19:00:00,2,4
2025-01-07T10:00:00,17,34
2025-01-07T11:00:00,13,53
2025-01-07T12:00:00,10,71
2025-01-07T13:00:00,5,98
2025-01-07T14:00:00,1,62
2025-01-07T14:00:00,1,62
2025-01-07T15:00:00,3,76
2025-01-07T16:00:00,7,64
2025-01-07T17:00:00,5,46
2025-01-07T18:00:00,8,63
2025-01-07T19:00:00,3,4
2025-01-08T10:00:00,18,36
2025-01-08T11:00:00,14,49
2025-01-08T12:00:00,14,84
2025-01-08T12:00:00,14,84
2025-01-08T13:00:00,11,105
2025-01-08T14:00:00,9,105
2025-01-08T15:00:00,9,105
2025-01-08T16:00:00,4,67
2025-01-08T17:00:00,2,61
2025-01-08T18:00:00,4,47
2025-01-08T19:00:00,1,2
2025-01-09T10:00:00,20,40
2025-01-09T11:00:00,13,58
2025-01-09T12:00:00,9,86
2025-01-09T13:00:00,6,79
2025-01-09T14:00:00,5,75
2025-01-09T15:00:00,6,71
2025-01-09T16:00:00,6,77
2025-01-09T17:00:00,5,69
2025-01-09T18:00:00,6,43
2025-01-09T19:00:00,4,8
2025-01-10T10:00:00,11,22
2025-01-10T11:00:00,5,38
2025-01-10T12:00:00,6,59
2025-01-10T13:00:00,3,96
2025-01-10T14:00:00,3,68
2025-01-10T14:00:00,3,68
2025-01-10T15:00:00,3,68
2025-01-10T16:00:00,6,76
2025-01-10T17:00:00,2,44
2025-01-11T10:00:00,18,36
2025-01-11T11:00:00,12,59
2025-01-11T12:00:00,14,83
2025-01-11T13:00:00,9,110
2025-01-11T14:00:00,9,116
2025-01-11T15:00:00,11,106
2025-01-11T16:00:00,11,98
2025-01-11T17:00:00,6,63
2025-01-11T18:00:00,6,63
2025-01-11T19:00:00,4,9
2025-01-12T10:00:00,5,10
2025-01-12T11:00:00,4,111
2025-01-12T11:00:00,10,58
2025-01-12T12:00:00,10,75
2025-01-12T13:00:00,8,112
2025-01-12T14:00:00,9,126
2025-01-12T15:00:00,7,123
2025-01-12T15:00:00,7,123
2025-01-12T17:00:00,3,80
2025-01-12T17:00:00,3,80
2025-01-12T18:00:00,4,52
2025-01-12T19:00:00,1,1
2025-01-13T10:00:00,10,20
2025-01-13T11:00:00,2,19
2025-01-13T12:00:00,2,35
2025-01-13T13:00:00,1,65
2025-01-13T14:00:00,2,68
2025-01-13T15:00:00,1,34
2025-01-13T16:00:00,2,35
2025-01-13T17:00:00,2,27
2025-01-13T18:00:00,2,26
2025-01-13T19:00:00,1,2
2025-01-14T11:00:00,10,46
2025-01-14T12:00:00,8,42
2025-01-14T13:00:00,7,98
2025-01-14T14:00:00,6,67
2025-01-14T15:00:00,1,56
2025-01-14T16:00:00,2,60
2025-01-15T10:00:00,10,20
2025-01-15T11:00:00,8,24
2025-01-15T12:00:00,8,81
2025-01-15T13:00:00,7,67
2025-01-15T14:00:00,5,94
2025-01-15T15:00:00,4,83
2025-01-15T16:00:00,5,86
2025-01-15T17:00:00,5,83
2025-01-15T18:00:00,2,38
2025-01-15T19:00:00,1,1
2025-01-16T10:00:00,17,34
2025-01-16T11:00:00,3,31
2025-01-16T12:00:00,4,77
2025-01-16T13:00:00,2,67
2025-01-16T14:00:00,3,53
2025-01-16T15:00:00,2,53
2025-01-16T16:00:00,0,46
2025-01-16T17:00:00,4,59
2025-01-16T18:00:00,4,29
2025-01-16T19:00:00,4,7
2025-01-17T10:00:00,21,42
2025-01-17T11:00:00,15,53
2025-01-17T12:00:00,13,91
2025-01-17T12:00:00,10,82
2025-01-17T14:00:00,8,58
2025-01-17T14:00:00,8,58
2025-01-17T15:00:00,4,61
2025-01-17T16:00:00,5,67
2025-01-17T17:00:00,3,53
2025-01-17T18:00:00,3,45
2025-01-17T19:00:00,2,4
2025-01-17T19:00:00,2,4
2025-01-18T10:00:00,13,26
2025-01-18T11:00:00,9,44
2025-01-18T13:00:00,4,83
2025-01-18T14:00:00,2,90
2025-01-18T14:00:00,2,90
2025-01-18T15:00:00,2,90
2025-01-18T16:00:00,3,55
2025-01-18T17:00:00,2,62
2025-01-18T18:00:00,2,57
2025-01-19T10:00:00,16,32
2025-01-19T11:00:00,2,60
2025-01-19T12:00:00,17,82
2025-01-19T13:00:00,19,118
2025-01-19T14:00:00,14,117
2025-01-19T16:00:00,8,93
2025-01-19T17:00:00,6,122
2025-01-20T10:00:00,6,12
2025-01-20T11:00:00,3,36
2025-01-20T12:00:00,2,32
2025-01-20T13:00:00,3,48
2025-01-20T14:00:00,1,48
2025-01-20T15:00:00,2,37
2025-01-20T16:00:00,1,44
2025-01-20T16:00:00,1,44
2025-01-20T17:00:00,0,22
2025-01-20T18:00:00,1,47
2025-01-20T19:00:00,1,5
2025-01-21T10:00:00,11,22
2025-01-21T11:00:00,1,13
2025-01-21T12:00:00,1,57
2025-01-21T13:00:00,1,49
2025-01-21T14:00:00,0,38
2025-01-21T15:00:00,2,39
2025-01-21T16:00:00,2,61
2025-01-21T17:00:00,1,41
2025-01-21T18:00:00,2,34
2025-01-21T19:00:00,1,2
2025-01-22T10:00:00,5,10
2025-01-22T10:00:00,5,10
2025-01-22T11:00:00,2,13
2025-01-22T12:00:00,1,29
2025-01-22T12:00:00,1,29
2025-01-22T13:00:00,1,55
2025-01-22T14:00:00,1,18
2025-01-22T15:00:00,1,29
2025-01-22T16:00:00,2,27
2025-01-22T18:00:00,0,38
2025-01-23T10:00:00,10,20
2025-01-23T12:00:00,4,68
2025-01-23T13:00:00,0,67
2025-01-23T14:00:00,0,73
2025-01-23T15:00:00,1,87
2025-01-23T16:00:00,2,90
2025-01-23T17:00:00,2,37
2025-01-23T18:00:00,1,20
2025-01-23T19:00:00,0,2
2025-01-24T10:00:00,8,16
2025-01-24T11:00:00,2,24
2025-01-24T12:00:00,2,51
2025-01-24T15:00:00,0,37
2025-01-24T16:00:00,2,36
2025-01-24T17:00:00,3,47
2025-01-24T18:00:00,3,38
2025-01-24T19:00:00,3,5
2025-01-25T10:00:00,11,22
2025-01-25T11:00:00,7,72
2025-01-25T12:00:00,7,112
2025-01-25T13:00:00,7,147
2025-01-25T14:00:00,3,141
2025-01-25T15:00:00,2,142
2025-01-25T16:00:00,3,103
2025-01-25T17:00:00,4,63
2025-01-25T18:00:00,4,58
2025-01-25T19:00:00,1,2
2025-01-26T10:00:00,6,12
2025-01-26T11:00:00,3,35
2025-01-26T12:00:00,3,67
2025-01-26T13:00:00,2,87
2025-01-26T14:00:00,1,77
2025-01-26T15:00:00,3,80
2025-01-26T16:00:00,2,75
2025-01-26T17:00:00,1,88
2025-01-26T17:00:00,1,88
2025-01-26T18:00:00,0,74
2025-01-26T19:00:00,0,0
2025-01-27T10:00:00,7,14
2025-01-27T11:00:00,2,51
2025-01-27T11:00:00,2,51
2025-01-27T12:00:00,5,66
2025-01-27T13:00:00,2,92
2025-01-27T14:00:00,2,101
2025-01-27T15:00:00,0,37
2025-01-27T16:00:00,1,30
2025-01-27T17:00:00,1,29
2025-01-27T18:00:00,0,22
2025-01-27T19:00:00,0,0
2025-01-28T10:00:00,7,14
2025-01-28T11:00:00,0,38
2025-01-28T12:00:00,1,56
2025-01-28T13:00:00,0,80
2025-01-28T14:00:00,0,86
2025-01-28T14:00:00,0,86
2025-01-28T15:00:00,0,87
2025-01-28T16:00:00,0,57
2025-01-29T10:00:00,13,26
2025-01-29T11:00:00,6,38
2025-01-29T12:00:00,6,76
2025-01-29T13:00:00,1,77
2025-01-29T13:00:00,1,77
2025-01-29T14:00:00,1,85
2025-01-29T14:00:00,1,85
2025-01-29T15:00:00,0,77
2025-01-29T16:00:00,0,65
2025-01-29T17:00:00,0,27
2025-01-29T18:00:00,2,25
2025-01-29T19:00:00,1,1
2025-01-30T10:00:00,9,18
2025-01-30T11:00:00,1,18
2025-01-30T12:00:00,1,73
2025-01-30T13:00:00,0,42
2025-01-30T14:00:00,0,62
2025-01-30T15:00:00,0,32
2025-01-30T16:00:00,1,52
2025-01-30T17:00:00,2,28
2025-01-30T18:00:00,2,30
2025-01-30T19:00:00,1,3
2025-01-31T10:00:00,7,14
2025-01-31T11:00:00,2,26
2025-01-31T11:00:00,2,26
2025-01-31T12:00:00,3,42
2025-01-31T13:00:00,2,72
2025-01-31T13:00:00,2,72
2025-01-31T14:00:00,1,83
2025-01-31T15:00:00,1,72
2025-01-31T16:00:00,0,42
2025-01-31T17:00:00,0,29
2025-01-31T18:00:00,0,27
2025-01-31T19:00:00,1,1
2025-02-01T10:00:00,7,14
2025-02-01T11:00:00,3,20
2025-02-01T12:00:00,1,67
2025-02-01T13:00:00,2,71
2025-02-01T14:00:00,2,63
2025-02-01T14:00:00,2,63
2025-02-01T15:00:00,2,63
2025-02-01T16:00:00,1,37
2025-02-01T18:00:00,1,44
2025-02-02T10:00:00,2,4
2025-02-02T10:00:00,0,0
2025-02-02T11:00:00,2,36
2025-02-02T12:00:00,1,68
2025-02-02T13:00:00,1,66
2025-02-02T14:00:00,1,91
2025-02-02T16:00:00,0,112
2025-02-02T17:00:00,0,70
2025-02-02T18:00:00,0,62
2025-02-02T19:00:00,1,2
2025-02-03T10:00:00,3,6
2025-02-03T11:00:00,3,42
2025-02-03T12:00:00,5,76
2025-02-03T13:00:00,2,87
2025-02-03T14:00:00,3,68
2025-02-03T15:00:00,3,59
2025-02-03T16:00:00,2,52
2025-02-03T17:00:00,3,68
2025-02-03T18:00:00,4,55
2025-02-03T19:00:00,1,1
2025-02-04T10:00:00,7,14
2025-02-04T11:00:00,2,23
2025-02-04T12:00:00,2,38
2025-02-04T13:00:00,2,75
2025-02-04T14:00:00,0,68
2025-02-04T15:00:00,2,53
2025-02-04T16:00:00,2,62
2025-02-04T17:00:00,0,54
2025-02-04T18:00:00,1,24
2025-02-04T19:00:00,3,7
2025-02-05T11:00:00,1,29
2025-02-05T12:00:00,0,64
2025-02-05T14:00:00,0,68
2025-02-05T14:00:00,0,68
2025-02-05T15:00:00,0,84
2025-02-05T16:00:00,1,43
2025-02-05T17:00:00,0,15
2025-02-05T18:00:00,0,8
2025-02-06T11:00:00,4,44
2025-02-06T12:00:00,6,45
2025-02-06T13:00:00,3,71
2025-02-06T14:00:00,2,73
2025-02-06T15:00:00,2,73
2025-02-06T16:00:00,0,57
2025-02-06T17:00:00,1,39
2025-02-06T18:00:00,0,27
2025-02-06T19:00:00,2,7
2025-02-07T10:00:00,8,16
2025-02-07T10:00:00,8,16
2025-02-07T10:00:00,8,16
2025-02-07T11:00:00,4,38
2025-02-07T12:00:00,3,51
2025-02-07T13:00:00,0,73
2025-02-07T14:00:00,0,75
2025-02-07T15:00:00,0,62
2025-02-07T16:00:00,1,38
2025-02-07T17:00:00,0,27
2025-02-07T18:00:00,0,17
2025-02-07T19:00:00,0,3
2025-02-08T10:00:00,13,26
2025-02-08T11:00:00,8,61
2025-02-08T12:00:00,11,104
2025-02-08T13:00:00,5,127
2025-02-08T14:00:00,6,115
2025-02-08T15:00:00,6,126
2025-02-08T16:00:00,12,116
2025-02-08T17:00:00,5,91
2025-02-08T18:00:00,4,62
2025-02-08T19:00:00,2,7
2025-02-09T10:00:00,8,16
2025-02-09T11:00:00,9,72
2025-02-09T12:00:00,7,75
2025-02-09T13:00:00,5,99
2025-02-09T14:00:00,4,126
2025-02-09T15:00:00,5,131
2025-02-09T16:00:00,5,136
2025-02-09T17:00:00,6,132
2025-02-09T18:00:00,6,89
2025-02-09T19:00:00,4,10
2025-02-10T10:00:00,10,20
2025-02-10T11:00:00,5,48
2025-02-10T12:00:00,1,46
2025-02-10T13:00:00,1,89
2025-02-10T14:00:00,2,107
2025-02-10T15:00:00,3,109
2025-02-10T16:00:00,1,66
2025-02-10T17:00:00,1,66
2025-02-10T18:00:00,1,33
2025-02-10T19:00:00,2,4
2025-02-11T10:00:00,8,16
2025-02-11T11:00:00,6,66
2025-02-11T12:00:00,5,88
2025-02-11T13:00:00,5,107
2025-02-11T14:00:00,4,120
2025-02-11T15:00:00,5,97
2025-02-11T16:00:00,2,75
2025-02-11T17:00:00,2,65
2025-02-11T18:00:00,1,47
2025-02-11T19:00:00,1,2
2025-02-12T10:00:00,11,22
2025-02-12T11:00:00,13,53
2025-02-12T12:00:00,14,87
2025-02-12T13:00:00,12,112
2025-02-12T14:00:00,10,99
2025-02-12T15:00:00,8,79
2025-02-12T16:00:00,4,61
2025-02-12T17:00:00,2,63
2025-02-12T18:00:00,2,30
2025-02-12T19:00:00,1,3
2025-02-13T10:00:00,6,12
2025-02-13T11:00:00,3,38
2025-02-13T12:00:00,3,63
2025-02-13T13:00:00,3,108
2025-02-13T14:00:00,2,113
2025-02-13T15:00:00,3,87
2025-02-13T16:00:00,1,90
2025-02-13T17:00:00,4,56
2025-02-13T18:00:00,2,58
2025-02-13T19:00:00,1,3
2025-02-14T10:00:00,10,20
2025-02-14T11:00:00,2,44
2025-02-14T12:00:00,4,72
2025-02-14T13:00:00,3,95
2025-02-14T14:00:00,2,115
2025-02-14T15:00:00,1,101
2025-02-14T16:00:00,1,74
2025-02-14T17:00:00,1,83
2025-02-14T18:00:00,2,63
2025-02-14T19:00:00,2,7
2025-02-15T10:00:00,2,4
2025-02-15T11:00:00,0,29
2025-02-15T12:00:00,1,60
2025-02-15T14:00:00,3,103
2025-02-15T15:00:00,3,86
2025-02-15T16:00:00,1,70
2025-02-15T18:00:00,3,47
2025-02-15T19:00:00,3,6
2025-02-16T10:00:00,0,0
2025-02-16T11:00:00,1,63
2025-02-16T12:00:00,1,76
2025-02-16T13:00:00,1,108
2025-02-16T14:00:00,1,136
2025-02-16T15:00:00,1,76
2025-02-16T16:00:00,0,71
2025-02-16T17:00:00,0,71
2025-02-16T18:00:00,1,43
2025-02-17T10:00:00,11,22
2025-02-17T11:00:00,6,48
2025-02-17T12:00:00,6,83
2025-02-17T13:00:00,7,116
2025-02-17T14:00:00,4,106
2025-02-17T15:00:00,3,53
2025-02-17T16:00:00,3,60
2025-02-17T17:00:00,1,56
2025-02-17T18:00:00,1,10
2025-02-17T19:00:00,1,4
2025-02-18T10:00:00,6,12
2025-02-18T11:00:00,4,61
2025-02-18T12:00:00,2,54
2025-02-18T13:00:00,1,69
2025-02-18T14:00:00,1,52
2025-02-18T15:00:00,2,76
2025-02-18T16:00:00,3,70
2025-02-18T17:00:00,2,66
2025-02-18T18:00:00,1,29
2025-02-18T19:00:00,0,0
2025-02-19T10:00:00,11,22
2025-02-19T11:00:00,7,45
2025-02-19T12:00:00,2,67
2025-02-19T14:00:00,5,86
2025-02-19T15:00:00,5,86
2025-02-19T16:00:00,3,67
2025-02-19T17:00:00,3,66
2025-02-19T18:00:00,1,35
2025-02-19T19:00:00,3,6
2025-02-20T10:00:00,10,20
2025-02-20T11:00:00,6,42
2025-02-20T13:00:00,7,81
2025-02-20T15:00:00,4,73
2025-02-20T16:00:00,2,28
2025-02-20T17:00:00,0,26
2025-02-20T18:00:00,0,11
2025-02-21T10:00:00,5,10
2025-02-21T11:00:00,3,53
2025-02-21T12:00:00,1,46
2025-02-21T14:00:00,0,73
2025-02-21T15:00:00,1,89
2025-02-21T16:00:00,1,74
2025-02-21T17:00:00,1,59
2025-02-21T18:00:00,1,12
2025-02-21T19:00:00,0,0
2025-02-22T10:00:00,8,22
2025-02-22T11:00:00,2,34
2025-02-22T12:00:00,1,81
2025-02-22T13:00:00,0,90
2025-02-22T14:00:00,0,106
2025-02-22T15:00:00,1,97
2025-02-22T16:00:00,3,110
2025-02-22T17:00:00,0,101
2025-02-22T18:00:00,0,60
2025-02-22T19:00:00,0,0
2025-02-23T10:00:00,0,0
2025-02-23T11:00:00,4,39
2025-02-23T12:00:00,2,79
2025-02-23T13:00:00,1,125
2025-02-23T14:00:00,1,120
2025-02-23T15:00:00,1,108
2025-02-23T16:00:00,1,120
2025-02-23T17:00:00,5,101
2025-02-23T18:00:00,5,63
2025-02-23T19:00:00,6,16
2025-02-24T10:00:00,5,10
2025-02-24T11:00:00,4,50
2025-02-24T12:00:00,5,96
2025-02-24T13:00:00,3,79
2025-02-24T14:00:00,3,86
2025-02-24T14:00:00,3,86
2025-02-24T15:00:00,4,87
2025-02-24T16:00:00,1,67
2025-02-24T17:00:00,1,59
2025-02-24T18:00:00,2,46
2025-02-24T19:00:00,3,6
2025-02-25T10:00:00,9,18
2025-02-25T11:00:00,6,54
2025-02-25T12:00:00,6,88
2025-02-25T13:00:00,9,114
2025-02-25T14:00:00,7,102
2025-02-25T15:00:00,3,86
2025-02-25T16:00:00,3,45
2025-02-25T17:00:00,3,81
2025-02-25T18:00:00,2,35
2025-02-25T19:00:00,3,9
2025-02-26T10:00:00,11,22
2025-02-26T11:00:00,5,44
2025-02-26T12:00:00,8,55
2025-02-26T13:00:00,6,72
2025-02-26T14:00:00,10,78
2025-02-26T15:00:00,5,81
2025-02-26T16:00:00,3,48
2025-02-26T17:00:00,5,42
2025-02-26T18:00:00,3,39
2025-02-26T19:00:00,2,3
2025-02-27T10:00:00,12,24
2025-02-27T10:00:00,12,24
2025-02-27T11:00:00,11,56
2025-02-27T12:00:00,8,102
2025-02-27T13:00:00,7,110
2025-02-27T14:00:00,4,95
2025-02-27T15:00:00,4,78
2025-02-27T16:00:00,0,53
2025-02-27T17:00:00,4,46
2025-02-27T18:00:00,5,63
2025-02-27T19:00:00,4,10
2025-02-28T10:00:00,7,14
2025-02-28T11:00:00,4,44
2025-02-28T12:00:00,3,62
2025-02-28T13:00:00,4,63
2025-02-28T14:00:00,2,75
2025-02-28T15:00:00,1,53
2025-02-28T16:00:00,1,51
2025-02-28T17:00:00,0,66
2025-02-28T17:00:00,0,66
2025-02-28T18:00:00,1,41
2025-02-28T19:00:00,3,8
2025-03-01T10:00:00,4,8
2025-03-01T11:00:00,4,40
2025-03-01T12:00:00,4,56
2025-03-01T13:00:00,0,67
2025-03-01T14:00:00,1,84
2025-03-01T15:00:00,1,56
2025-03-01T16:00:00,1,50
2025-03-01T17:00:00,1,25
2025-03-01T18:00:00,1,22
2025-03-01T19:00:00,0,0
2025-03-02T10:00:00,3,6
2025-03-02T11:00:00,3,42
2025-03-02T12:00:00,3,69
2025-03-02T13:00:00,3,89
2025-03-02T13:00:00,3,89
2025-03-02T14:00:00,1,61
2025-03-02T15:00:00,0,46
2025-03-02T16:00:00,0,11
2025-03-02T17:00:00,1,14
2025-03-02T18:00:00,0,27
2025-03-02T19:00:00,0,0
2025-03-03T10:00:00,5,10
2025-03-03T11:00:00,3,26
2025-03-03T12:00:00,3,71
2025-03-03T13:00:00,1,102
2025-03-03T14:00:00,1,96
2025-03-03T15:00:00,2,84
2025-03-03T16:00:00,2,80
2025-03-03T17:00:00,3,45
2025-03-03T17:00:00,3,45
2025-03-03T18:00:00,3,27
2025-03-03T19:00:00,2,3
2025-03-04T10:00:00,1,2
2025-03-04T11:00:00,2,17
2025-03-04T12:00:00,0,28
2025-03-04T13:00:00,1,35
2025-03-04T14:00:00,0,56
2025-03-04T15:00:00,0,39
2025-03-04T16:00:00,0,63
2025-03-04T17:00:00,3,51
2025-03-04T18:00:00,3,47
2025-03-04T19:00:00,2,5
2025-03-05T11:00:00,6,52
2025-03-05T12:00:00,9,90
2025-03-05T13:00:00,1,93
2025-03-05T14:00:00,1,60
2025-03-05T15:00:00,1,52
2025-03-05T16:00:00,1,43
2025-03-05T17:00:00,1,41
2025-03-05T18:00:00,1,37
2025-03-05T19:00:00,0,0
2025-03-06T10:00:00,10,20
2025-03-06T11:00:00,5,46
2025-03-06T12:00:00,3,56
2025-03-06T12:00:00,3,56
2025-03-06T13:00:00,2,87
2025-03-06T14:00:00,1,108
2025-03-06T14:00:00,1,108
2025-03-06T15:00:00,1,108
2025-03-06T16:00:00,1,71
2025-03-06T17:00:00,2,44
2025-03-06T18:00:00,0,43
2025-03-07T10:00:00,8,16
2025-03-07T11:00:00,1,31
2025-03-07T11:00:00,1,31
2025-03-07T12:00:00,0,61
2025-03-07T13:00:00,1,73
2025-03-07T14:00:00,0,85
2025-03-07T15:00:00,1,61
2025-03-07T16:00:00,1,56
2025-03-07T17:00:00,1,25
2025-03-07T18:00:00,1,15
2025-03-08T10:00:00,7,14
2025-03-08T11:00:00,2,17
2025-03-08T12:00:00,0,20
2025-03-08T13:00:00,2,48
2025-03-08T14:00:00,0,26
2025-03-08T15:00:00,2,27
2025-03-08T16:00:00,1,34
2025-03-08T17:00:00,0,19
2025-03-08T18:00:00,0,23
2025-03-08T19:00:00,1,1
2025-03-09T10:00:00,2,4
2025-03-09T11:00:00,0,25
2025-03-09T12:00:00,3,46
2025-03-09T13:00:00,0,74
2025-03-09T14:00:00,0,106
2025-03-09T15:00:00,0,88
2025-03-09T16:00:00,0,88
2025-03-09T17:00:00,1,92
2025-03-09T18:00:00,0,43
2025-03-09T19:00:00,0,0
2025-03-10T10:00:00,8,16
2025-03-10T11:00:00,4,21
2025-03-10T12:00:00,3,61
2025-03-10T13:00:00,1,90
2025-03-10T14:00:00,1,68
2025-03-10T16:00:00,0,82
2025-03-10T17:00:00,1,58
2025-03-10T18:00:00,1,57
2025-03-10T19:00:00,0,0
2025-03-11T10:00:00,5,10
2025-03-11T11:00:00,11,44
2025-03-11T12:00:00,4,88
2025-03-11T13:00:00,4,88
2025-03-11T14:00:00,1,89
2025-03-11T15:00:00,2,62
2025-03-11T16:00:00,3,79
2025-03-11T17:00:00,3,64
2025-03-11T18:00:00,2,47
2025-03-11T19:00:00,2,4
2025-03-12T10:00:00,0,0
2025-03-13T10:00:00,6,12
2025-03-13T11:00:00,0,10
2025-03-13T12:00:00,1,36
2025-03-13T13:00:00,0,68
2025-03-13T14:00:00,0,53
2025-03-13T15:00:00,0,51
2025-03-13T16:00:00,2,42
2025-03-13T17:00:00,1,54
2025-03-13T18:00:00,1,16
2025-03-13T19:00:00,0,0
2025-03-14T10:00:00,7,14
2025-03-14T11:00:00,6,53
2025-03-14T12:00:00,4,57
2025-03-14T13:00:00,3,73
2025-03-14T14:00:00,4,96
2025-03-14T15:00:00,2,121
2025-03-14T16:00:00,1,91
2025-03-14T16:00:00,1,91
2025-03-14T17:00:00,1,49
2025-03-14T18:00:00,2,51
2025-03-14T19:00:00,1,7
2025-03-15T10:00:00,5,10
2025-03-15T11:00:00,0,30
2025-03-15T12:00:00,0,50
2025-03-15T13:00:00,0,76
2025-03-15T14:00:00,1,91
2025-03-15T15:00:00,1,80
2025-03-15T16:00:00,1,69
2025-03-15T17:00:00,1,41
2025-03-15T18:00:00,1,27
2025-03-15T19:00:00,0,0
2025-03-16T10:00:00,1,2
2025-03-16T11:00:00,2,27
2025-03-16T12:00:00,1,83
2025-03-16T12:00:00,1,83
2025-03-16T14:00:00,1,142
2025-03-16T14:00:00,1,142
2025-03-16T15:00:00,0,133
2025-03-16T16:00:00,0,103
2025-03-16T17:00:00,0,81
2025-03-17T10:00:00,13,26
2025-03-17T11:00:00,5,28
2025-03-17T12:00:00,6,68
2025-03-17T13:00:00,7,85
2025-03-17T14:00:00,6,92
2025-03-17T15:00:00,7,53
2025-03-17T16:00:00,8,58
2025-03-17T17:00:00,4,31
2025-03-17T18:00:00,4,25
2025-03-17T19:00:00,2,2
2025-03-18T10:00:00,12,24
2025-03-18T11:00:00,7,48
2025-03-18T12:00:00,7,56
2025-03-18T13:00:00,7,81
2025-03-18T14:00:00,8,92
2025-03-18T15:00:00,4,77
2025-03-18T16:00:00,7,61
2025-03-18T17:00:00,4,63
2025-03-18T18:00:00,5,66
2025-03-18T19:00:00,5,15
2025-03-19T10:00:00,7,14
2025-03-19T11:00:00,5,35
2025-03-19T12:00:00,6,54
2025-03-19T12:00:00,6,54
2025-03-19T13:00:00,5,61
2025-03-19T14:00:00,5,57
2025-03-19T15:00:00,6,50
2025-03-19T16:00:00,1,42
2025-03-19T17:00:00,1,27
2025-03-19T18:00:00,1,8
2025-03-19T19:00:00,0,0
2025-03-20T10:00:00,10,20
2025-03-20T11:00:00,6,31
2025-03-20T11:00:00,6,31
2025-03-20T12:00:00,5,34
2025-03-20T13:00:00,6,42
2025-03-20T14:00:00,4,54
2025-03-20T15:00:00,4,32
2025-03-20T16:00:00,4,36
2025-03-20T17:00:00,0,30
2025-03-21T10:00:00,10,20
2025-03-21T11:00:00,5,56
2025-03-21T12:00:00,6,72
2025-03-21T13:00:00,2,82
2025-03-21T14:00:00,3,101
2025-03-21T15:00:00,3,101
2025-03-21T16:00:00,3,72
2025-03-21T17:00:00,3,53
2025-03-21T18:00:00,2,48
2025-03-21T19:00:00,2,4
2025-03-22T10:00:00,12,24
2025-03-22T11:00:00,6,33
2025-03-22T12:00:00,1,63
2025-03-22T13:00:00,1,88
2025-03-22T14:00:00,3,87
2025-03-22T15:00:00,4,62
2025-03-22T16:00:00,4,41
2025-03-22T17:00:00,1,18
2025-03-22T18:00:00,0,25
2025-03-22T19:00:00,0,0
2025-03-23T10:00:00,0,0
2025-03-23T11:00:00,1,40
2025-03-23T12:00:00,2,62
2025-03-23T12:00:00,2,62
2025-03-23T13:00:00,3,76
2025-03-23T14:00:00,1,102
2025-03-23T15:00:00,1,97
2025-03-23T16:00:00,0,82
2025-03-23T17:00:00,0,77
2025-03-23T18:00:00,2,43
2025-03-23T19:00:00,0,0
2025-03-24T11:00:00,5,37
2025-03-24T12:00:00,5,74
2025-03-24T13:00:00,3,83
2025-03-24T14:00:00,3,104
2025-03-24T15:00:00,3,74
2025-03-24T16:00:00,3,46
2025-03-24T17:00:00,0,29
2025-03-24T18:00:00,6,37
2025-03-24T18:00:00,0,37
2025-03-25T10:00:00,10,20
2025-03-25T11:00:00,6,39
2025-03-25T12:00:00,6,92
2025-03-25T13:00:00,6,87
2025-03-25T15:00:00,5,66
2025-03-25T16:00:00,1,59
2025-03-25T17:00:00,1,51
2025-03-25T19:00:00,0,0
2025-03-26T10:00:00,12,24
2025-03-26T11:00:00,7,39
2025-03-26T12:00:00,7,86
2025-03-26T13:00:00,5,86
2025-03-26T14:00:00,5,66
2025-03-26T15:00:00,4,49
2025-03-26T16:00:00,4,76
2025-03-26T17:00:00,2,66
2025-03-26T18:00:00,2,35
2025-03-26T19:00:00,2,3
2025-03-27T10:00:00,8,16
2025-03-27T11:00:00,6,32
2025-03-27T12:00:00,5,45
2025-03-27T13:00:00,6,84
2025-03-27T14:00:00,4,53
2025-03-27T15:00:00,4,37
2025-03-27T16:00:00,3,15
2025-03-27T17:00:00,2,21
2025-03-27T18:00:00,2,21
2025-03-27T19:00:00,3,5
2025-03-28T10:00:00,13,26
2025-03-28T11:00:00,11,61
2025-03-28T12:00:00,12,65
2025-03-28T13:00:00,10,93
2025-03-28T14:00:00,7,81
2025-03-28T15:00:00,4,64
2025-03-28T16:00:00,2,64
2025-03-28T17:00:00,3,55
2025-03-28T18:00:00,2,37
2025-03-28T18:00:00,2,37
2025-03-28T19:00:00,2,3
2025-03-29T10:00:00,5,10
2025-03-29T11:00:00,2,23
2025-03-29T12:00:00,2,47
2025-03-29T14:00:00,0,78
2025-03-29T15:00:00,1,94
2025-03-29T16:00:00,1,73
2025-03-29T17:00:00,1,64
2025-03-29T18:00:00,1,36
2025-03-29T19:00:00,1,5
2025-03-30T10:00:00,0,0
2025-03-30T11:00:00,1,15
2025-03-30T12:00:00,1,57
2025-03-30T13:00:00,1,54
2025-03-30T14:00:00,1,96
2025-03-30T15:00:00,1,94
2025-03-30T16:00:00,2,93
2025-03-30T17:00:00,1,73
2025-03-31T10:00:00,10,20
2025-03-31T11:00:00,4,40
2025-03-31T12:00:00,6,71
2025-03-31T12:00:00,6,71
2025-03-31T13:00:00,5,70
2025-03-31T14:00:00,4,89
2025-03-31T15:00:00,6,81
2025-03-31T16:00:00,1,75
2025-03-31T17:00:00,1,49
2025-03-31T18:00:00,0,28
2025-03-31T19:00:00,0,0
2025-04-01T10:00:00,12,24
2025-04-01T11:00:00,11,46
2025-04-01T12:00:00,13,48
2025-04-01T13:00:00,10,60
2025-04-01T14:00:00,6,53
2025-04-01T15:00:00,5,43
2025-04-01T16:00:00,3,38
2025-04-01T17:00:00,5,50
2025-04-01T18:00:00,2,27
2025-04-01T19:00:00,3,7
2025-04-02T11:00:00,3,21
2025-04-02T12:00:00,4,25
2025-04-02T13:00:00,4,47
2025-04-02T13:00:00,4,47
2025-04-02T14:00:00,4,44
2025-04-02T15:00:00,3,45
2025-04-02T16:00:00,2,27
2025-04-02T17:00:00,1,25
2025-04-02T18:00:00,1,36
2025-04-02T19:00:00,0,0
2025-04-04T10:00:00,10,20
2025-04-04T11:00:00,6,32
2025-04-04T12:00:00,6,47
2025-04-04T13:00:00,5,50
2025-04-04T14:00:00,1,59
2025-04-04T15:00:00,1,65
2025-04-04T16:00:00,2,48
2025-04-04T17:00:00,2,46
2025-04-04T18:00:00,3,41
2025-04-04T19:00:00,3,6
2025-04-05T10:00:00,7,14
2025-04-05T11:00:00,1,37
2025-04-05T12:00:00,1,64
2025-04-05T13:00:00,3,100
2025-04-05T14:00:00,1,69
2025-04-05T15:00:00,1,98
2025-04-05T16:00:00,0,90
2025-04-05T17:00:00,0,64
2025-04-05T18:00:00,1,34
2025-04-06T10:00:00,3,6
2025-04-06T11:00:00,4,40
2025-04-06T12:00:00,1,71
2025-04-06T13:00:00,1,118
2025-04-06T14:00:00,1,42
2025-04-06T15:00:00,2,140
2025-04-06T16:00:00,3,143
2025-04-06T17:00:00,5,127
2025-04-06T18:00:00,4,90
2025-04-06T19:00:00,2,2
2025-04-07T11:00:00,3,30
2025-04-07T12:00:00,3,38
2025-04-07T13:00:00,2,39
2025-04-07T14:00:00,4,51
2025-04-07T15:00:00,4,51
2025-04-07T16:00:00,1,48
2025-04-07T17:00:00,1,37
2025-04-07T18:00:00,0,16
2025-04-08T10:00:00,10,20
2025-04-08T11:00:00,5,60
2025-04-08T12:00:00,7,75
2025-04-08T13:00:00,7,81
2025-04-08T14:00:00,5,57
2025-04-08T15:00:00,6,45
2025-04-08T16:00:00,2,30
2025-04-08T18:00:00,1,22
2025-04-09T10:00:00,0,0
2025-04-11T09:00:00,0,0
2025-04-11T10:00:00,2,3
2025-04-11T11:00:00,9,60
2025-04-11T12:00:00,9,77
2025-04-11T12:00:00,7,77
2025-04-11T13:00:00,5,98
2025-04-11T14:00:00,4,58
2025-04-11T15:00:00,2,27
2025-04-11T16:00:00,1,53
2025-04-11T17:00:00,1,42
2025-04-11T18:00:00,2,34
2025-04-11T19:00:00,2,2
2025-04-11T20:00:00,3,5
2025-04-12T09:00:00,5,10
2025-04-12T10:00:00,1,1
2025-04-12T11:00:00,5,20
2025-04-12T12:00:00,5,35
2025-04-12T13:00:00,5,38
2025-04-12T14:00:00,1,31
2025-04-12T15:00:00,1,24
2025-04-12T15:00:00,1,25
2025-04-12T16:00:00,1,22
2025-04-12T17:00:00,1,28
2025-04-12T20:00:00,1,5
2025-04-13T09:00:00,3,6
2025-04-13T10:00:00,3,6
2025-04-13T11:00:00,5,28
2025-04-13T12:00:00,4,56
2025-04-13T13:00:00,1,74
2025-04-13T14:00:00,1,101
2025-04-13T15:00:00,4,75
2025-04-13T16:00:00,4,96
2025-04-13T17:00:00,4,82
2025-04-13T18:00:00,4,47
2025-04-13T19:00:00,2,21
2025-04-13T20:00:00,1,4
2025-04-14T09:00:00,12,24
2025-04-14T10:00:00,9,15
2025-04-14T11:00:00,15,45
2025-04-14T12:00:00,13,49
2025-04-14T13:00:00,10,78
2025-04-14T14:00:00,11,89
2025-04-14T14:00:00,11,89
2025-04-14T15:00:00,11,91
2025-04-14T16:00:00,3,70
2025-04-14T17:00:00,2,88
2025-04-14T18:00:00,1,62
2025-04-14T19:00:00,1,38
2025-04-14T20:00:00,0,0
2025-04-15T09:00:00,12,24
2025-04-15T10:00:00,11,22
2025-04-15T11:00:00,16,45
2025-04-15T12:00:00,16,63
2025-04-15T13:00:00,11,99
2025-04-15T14:00:00,9,126
2025-04-15T15:00:00,7,109
2025-04-15T16:00:00,1,83
2025-04-15T17:00:00,1,100
2025-04-15T18:00:00,0,46
2025-04-15T19:00:00,1,11
2025-04-15T20:00:00,0,0
2025-04-16T09:00:00,10,20
2025-04-16T10:00:00,7,13
2025-04-16T13:00:00,5,104
2025-04-16T14:00:00,5,105
2025-04-16T15:00:00,2,87
2025-04-16T16:00:00,2,76
2025-04-16T17:00:00,4,42
2025-04-16T18:00:00,2,38
2025-04-16T19:00:00,2,21
2025-04-16T20:00:00,2,8
2025-04-17T09:00:00,2,4
2025-04-17T10:00:00,2,14
2025-04-17T11:00:00,1,39
2025-04-17T12:00:00,1,81
2025-04-17T13:00:00,2,108
2025-04-17T14:00:00,3,139
2025-04-17T15:00:00,3,139
2025-04-17T16:00:00,2,148
2025-04-17T18:00:00,2,87
2025-04-17T19:00:00,1,22
2025-04-18T09:00:00,2,4
2025-04-18T10:00:00,1,8
2025-04-18T11:00:00,0,37
2025-04-18T12:00:00,1,93
2025-04-18T13:00:00,1,124
2025-04-18T14:00:00,1,143
2025-04-18T15:00:00,1,162
2025-04-18T16:00:00,3,148
2025-04-18T17:00:00,2,123
2025-04-18T18:00:00,3,87
2025-04-18T20:00:00,1,2
2025-04-19T09:00:00,7,14
2025-04-19T10:00:00,2,8
2025-04-19T11:00:00,5,36
2025-04-19T12:00:00,3,93
2025-04-19T13:00:00,3,106
2025-04-19T14:00:00,4,149
2025-04-19T15:00:00,4,122
2025-04-19T16:00:00,3,109
2025-04-19T17:00:00,3,93
2025-04-19T18:00:00,2,59
2025-04-19T19:00:00,2,32
2025-04-19T20:00:00,1,3
2025-04-20T09:00:00,0,0
2025-04-20T10:00:00,2,3
2025-04-20T11:00:00,1,20
2025-04-20T12:00:00,4,85
2025-04-20T13:00:00,1,97
2025-04-20T14:00:00,1,110
2025-04-20T15:00:00,1,109
2025-04-20T16:00:00,1,79
2025-04-20T17:00:00,1,61
2025-04-20T18:00:00,1,36
2025-04-20T19:00:00,2,46
2025-04-20T20:00:00,1,2
2025-04-21T10:00:00,11,22
2025-04-21T11:00:00,8,33
2025-04-21T12:00:00,6,48
2025-04-21T13:00:00,8,76
2025-04-21T14:00:00,8,105
2025-04-21T15:00:00,8,105
2025-04-21T16:00:00,3,66
2025-04-21T17:00:00,0,65
2025-04-21T18:00:00,0,46
2025-04-21T18:00:00,1,47
2025-04-21T19:00:00,0,0
2025-04-22T10:00:00,15,30
2025-04-22T11:00:00,13,31
2025-04-22T13:00:00,11,80
2025-04-22T14:00:00,9,75
2025-04-22T15:00:00,9,62
2025-04-22T16:00:00,4,37
2025-04-22T17:00:00,3,41
2025-04-22T18:00:00,1,18
2025-04-22T19:00:00,0,0
2025-04-23T10:00:00,16,32
2025-04-23T11:00:00,16,54
2025-04-23T12:00:00,18,56
2025-04-23T13:00:00,12,91
2025-04-23T14:00:00,12,74
2025-04-23T15:00:00,10,84
2025-04-23T16:00:00,9,65
2025-04-23T17:00:00,4,67
2025-04-23T18:00:00,1,29
2025-04-23T19:00:00,1,2
2025-04-24T10:00:00,16,32
2025-04-24T11:00:00,14,48
2025-04-24T12:00:00,14,54
2025-04-24T13:00:00,15,84
2025-04-24T14:00:00,14,90
2025-04-24T15:00:00,15,106
2025-04-24T16:00:00,10,100
2025-04-24T17:00:00,6,79
2025-04-24T18:00:00,7,56
2025-04-24T19:00:00,2,2
2025-04-25T10:00:00,18,36
2025-04-25T11:00:00,20,59
2025-04-25T12:00:00,20,82
2025-04-25T12:00:00,20,82
2025-04-25T13:00:00,18,85
2025-04-25T14:00:00,11,56
2025-04-25T15:00:00,8,61
2025-04-25T16:00:00,4,54
2025-04-25T17:00:00,5,94
2025-04-25T18:00:00,5,64
2025-04-25T19:00:00,5,9
2025-04-26T10:00:00,5,10
2025-04-26T11:00:00,2,31
2025-04-26T12:00:00,2,35
2025-04-26T13:00:00,1,79
2025-04-26T14:00:00,1,98
2025-04-26T15:00:00,1,60
2025-04-26T16:00:00,1,51
2025-04-26T17:00:00,2,49
2025-04-26T18:00:00,2,27
2025-04-26T19:00:00,2,4
2025-04-27T10:00:00,1,1
2025-04-27T11:00:00,3,28
2025-04-27T12:00:00,3,57
2025-04-27T13:00:00,3,73
2025-04-27T14:00:00,2,111
2025-04-27T15:00:00,0,103
2025-04-27T16:00:00,2,102
2025-04-27T17:00:00,2,96
2025-04-27T19:00:00,1,5
2025-04-28T10:00:00,19,38
2025-04-28T11:00:00,15,48
2025-04-28T12:00:00,15,51
2025-04-28T13:00:00,14,62
2025-04-28T14:00:00,15,80
2025-04-28T15:00:00,16,87
2025-04-28T16:00:00,8,71
2025-04-28T17:00:00,3,40
2025-04-28T18:00:00,3,34
2025-04-28T19:00:00,0,0
2025-04-29T10:00:00,18,36
2025-04-29T11:00:00,20,47
2025-04-29T11:00:00,20,47
2025-04-29T12:00:00,18,62
2025-04-29T13:00:00,14,42
2025-04-29T14:00:00,10,51
2025-04-29T15:00:00,10,56
2025-04-29T16:00:00,2,42
2025-04-29T17:00:00,3,36
2025-04-29T18:00:00,2,23
2025-04-29T19:00:00,1,1
2025-04-30T11:00:00,15,33
2025-04-30T12:00:00,15,87
2025-04-30T13:00:00,17,75
2025-04-30T14:00:00,18,95
2025-04-30T15:00:00,15,72
2025-04-30T16:00:00,1,30
2025-04-30T17:00:00,3,29
2025-04-30T18:00:00,1,38
2025-04-30T19:00:00,1,1
2025-05-01T11:00:00,3,39
2025-05-01T12:00:00,1,61
2025-05-01T13:00:00,1,82
2025-05-01T14:00:00,1,120
2025-05-01T15:00:00,1,102
2025-05-01T16:00:00,0,90
2025-05-01T17:00:00,0,86
2025-05-01T18:00:00,0,50
2025-05-01T19:00:00,3,4
2025-05-02T12:00:00,1,61
2025-05-02T13:00:00,2,62
2025-05-02T14:00:00,2,103
2025-05-02T15:00:00,3,110
2025-05-02T16:00:00,1,97
2025-05-02T17:00:00,2,73
2025-05-02T18:00:00,2,70
2025-05-02T19:00:00,15,342
2025-05-02T19:00:00,0,0
2025-05-03T10:00:00,11,22
2025-05-03T11:00:00,11,46
2025-05-03T12:00:00,10,78
2025-05-03T13:00:00,6,107
2025-05-03T14:00:00,6,131
2025-05-03T15:00:00,6,145
2025-05-03T16:00:00,9,155
2025-05-03T17:00:00,6,148
2025-05-03T17:00:00,6,148
2025-05-03T18:00:00,5,113
2025-05-03T19:00:00,1,1
2025-05-04T10:00:00,5,10
2025-05-04T11:00:00,10,33
2025-05-04T12:00:00,7,34
2025-05-04T13:00:00,4,50
2025-05-04T13:00:00,4,50
2025-05-04T14:00:00,4,63
2025-05-04T15:00:00,5,88
2025-05-04T16:00:00,4,85
2025-05-04T17:00:00,5,78
2025-05-04T18:00:00,4,52
2025-05-04T19:00:00,0,0
2025-05-05T11:00:00,6,32
2025-05-05T12:00:00,7,90
2025-05-05T13:00:00,8,103
2025-05-05T14:00:00,11,103
2025-05-05T15:00:00,11,103
2025-05-05T16:00:00,6,57
2025-05-06T10:00:00,23,46
2025-05-06T13:00:00,18,42
2025-05-06T14:00:00,18,44
2025-05-06T15:00:00,7,51
2025-05-06T16:00:00,3,36
2025-05-06T17:00:00,3,28
2025-05-06T18:00:00,1,21
2025-05-06T19:00:00,0,0
2025-05-07T10:00:00,21,42
2025-05-07T11:00:00,13,42
2025-05-07T12:00:00,12,57
2025-05-07T13:00:00,13,65
2025-05-07T14:00:00,10,59
2025-05-07T15:00:00,8,54
2025-05-07T16:00:00,2,30
2025-05-07T16:00:00,2,30
2025-05-07T17:00:00,2,18
2025-05-07T18:00:00,3,14
2025-05-07T19:00:00,2,3
2025-05-08T10:00:00,18,36
2025-05-08T11:00:00,16,57
2025-05-08T12:00:00,13,69
2025-05-08T13:00:00,11,65
2025-05-08T14:00:00,9,65
2025-05-08T15:00:00,11,51
2025-05-08T16:00:00,1,36
2025-05-08T17:00:00,3,31
2025-05-08T18:00:00,5,38
2025-05-08T19:00:00,5,8
2025-05-09T10:00:00,19,38
2025-05-09T11:00:00,15,41
2025-05-09T12:00:00,16,72
2025-05-09T13:00:00,17,101
2025-05-09T14:00:00,6,40
2025-05-09T15:00:00,5,37
2025-05-09T16:00:00,3,49
2025-05-09T17:00:00,4,44
2025-05-09T17:00:00,4,44
2025-05-09T18:00:00,7,27
2025-05-09T18:00:00,5,8
2025-05-10T10:00:00,5,10
2025-05-10T11:00:00,2,16
2025-05-10T12:00:00,2,47
2025-05-10T13:00:00,6,67
2025-05-10T14:00:00,4,47
2025-05-10T15:00:00,2,44
2025-05-10T16:00:00,1,15
2025-05-10T17:00:00,3,32
2025-05-10T18:00:00,2,23
2025-05-10T19:00:00,3,6
2025-05-11T10:00:00,2,4
2025-05-11T11:00:00,2,23
2025-05-11T12:00:00,2,80
2025-05-11T13:00:00,1,61
2025-05-11T14:00:00,1,90
2025-05-11T15:00:00,1,90
2025-05-11T16:00:00,0,75
2025-05-11T17:00:00,0,89
2025-05-11T18:00:00,2,63
2025-05-11T19:00:00,1,3
2025-05-12T10:00:00,18,36
2025-05-12T11:00:00,16,46
2025-05-12T12:00:00,14,70
2025-05-12T12:00:00,14,70
2025-05-12T13:00:00,13,78
2025-05-12T14:00:00,10,78
2025-05-12T15:00:00,9,63
2025-05-12T16:00:00,5,74
2025-05-12T17:00:00,0,48
2025-05-12T18:00:00,1,39
2025-05-12T19:00:00,1,1
2025-05-13T10:00:00,14,28
2025-05-13T10:00:00,14,22
2025-05-13T11:00:00,16,38
2025-05-13T12:00:00,14,57
2025-05-13T13:00:00,15,80
2025-05-13T14:00:00,15,82
2025-05-13T15:00:00,12,44
2025-05-13T16:00:00,1,24
2025-05-13T17:00:00,0,30
2025-05-13T17:00:00,0,30
2025-05-13T18:00:00,1,23
2025-05-13T19:00:00,1,2
2025-05-14T10:00:00,15,30
2025-05-14T11:00:00,12,39
2025-05-14T12:00:00,14,42
2025-05-14T13:00:00,14,69
2025-05-14T14:00:00,13,77
2025-05-14T15:00:00,12,52
2025-05-14T16:00:00,2,45
2025-05-14T17:00:00,1,47
2025-05-14T18:00:00,2,26
2025-05-14T19:00:00,2,3
2025-05-15T10:00:00,15,30
2025-05-15T11:00:00,12,55
2025-05-15T12:00:00,10,53
2025-05-15T13:00:00,10,58
2025-05-15T14:00:00,8,63
2025-05-15T15:00:00,10,58
2025-05-15T16:00:00,3,49
2025-05-15T17:00:00,3,73
2025-05-15T18:00:00,2,69
2025-05-15T19:00:00,0,0
2025-05-16T10:00:00,15,30
2025-05-16T11:00:00,15,59
2025-05-16T12:00:00,15,65
2025-05-16T13:00:00,15,82
2025-05-16T14:00:00,16,78
2025-05-16T15:00:00,4,36
2025-05-16T16:00:00,2,29
2025-05-16T17:00:00,3,36
2025-05-16T18:00:00,2,41
2025-05-17T10:00:00,9,18
2025-05-17T11:00:00,10,37
2025-05-17T12:00:00,6,49
2025-05-17T13:00:00,6,66
2025-05-17T14:00:00,3,92
2025-05-17T15:00:00,3,89
2025-05-17T16:00:00,3,93
2025-05-17T17:00:00,5,101
2025-05-17T18:00:00,4,47
2025-05-17T19:00:00,4,6
2025-05-18T10:00:00,0,0
2025-05-18T11:00:00,1,15
2025-05-18T12:00:00,3,36
2025-05-18T13:00:00,0,67
2025-05-18T14:00:00,0,62
2025-05-18T15:00:00,0,85
2025-05-18T16:00:00,3,78
2025-05-18T17:00:00,1,76
2025-05-18T18:00:00,1,39
2025-05-18T19:00:00,0,0
2025-05-19T11:00:00,5,34
2025-05-19T12:00:00,5,38
2025-05-19T13:00:00,7,64
2025-05-19T14:00:00,8,83
2025-05-19T15:00:00,8,56
2025-05-19T16:00:00,0,37
2025-05-19T17:00:00,0,33
2025-05-19T18:00:00,0,17
2025-05-19T19:00:00,2,3
2025-05-20T10:00:00,15,30
2025-05-20T12:00:00,17,82
2025-05-20T13:00:00,13,70
2025-05-20T14:00:00,13,78
2025-05-20T15:00:00,14,82
2025-05-20T16:00:00,2,44
2025-05-20T17:00:00,3,49
2025-05-20T19:00:00,2,7
2025-05-21T10:00:00,18,36
2025-05-21T11:00:00,19,64
2025-05-21T12:00:00,13,86
2025-05-21T13:00:00,10,67
2025-05-21T14:00:00,13,82
2025-05-21T15:00:00,9,63
2025-05-21T16:00:00,1,54
2025-05-21T17:00:00,3,32
2025-05-21T18:00:00,7,55
2025-05-21T19:00:00,6,11
2025-05-22T10:00:00,14,28
2025-05-22T11:00:00,11,39
2025-05-22T12:00:00,12,56
2025-05-22T13:00:00,12,71
2025-05-22T14:00:00,11,61
2025-05-22T14:00:00,11,61
2025-05-22T15:00:00,10,63
2025-05-22T16:00:00,6,67
2025-05-22T17:00:00,2,53
2025-05-22T18:00:00,2,39
2025-05-22T19:00:00,1,2
2025-05-23T10:00:00,15,30
2025-05-23T11:00:00,15,49
2025-05-23T12:00:00,20,101
2025-05-23T13:00:00,13,84
2025-05-23T14:00:00,14,84
2025-05-23T15:00:00,8,63
2025-05-23T16:00:00,4,54
2025-05-23T17:00:00,2,65
2025-05-23T18:00:00,2,46
2025-05-23T19:00:00,1,2
2025-05-24T10:00:00,5,10
2025-05-24T10:00:00,5,10
2025-05-24T11:00:00,1,45
2025-05-24T12:00:00,4,88
2025-05-24T13:00:00,2,120
2025-05-24T14:00:00,2,136
2025-05-24T15:00:00,3,137
2025-05-24T16:00:00,2,108
2025-05-24T17:00:00,4,111
2025-05-25T10:00:00,1,3
2025-05-25T12:00:00,3,70
2025-05-25T13:00:00,4,100
2025-05-25T14:00:00,8,121
2025-05-25T15:00:00,8,125
2025-05-25T16:00:00,6,107
2025-05-25T17:00:00,5,111
2025-05-25T18:00:00,6,81
2025-05-25T19:00:00,4,45
2025-05-26T10:00:00,16,32
2025-05-26T11:00:00,9,45
2025-05-26T12:00:00,10,68
2025-05-26T13:00:00,9,87
2025-05-26T14:00:00,9,89
2025-05-26T15:00:00,11,77
2025-05-26T16:00:00,7,85
2025-05-26T17:00:00,0,53
2025-05-26T18:00:00,0,27
2025-05-26T19:00:00,2,11
2025-05-27T10:00:00,14,28
2025-05-27T11:00:00,16,38
2025-05-27T12:00:00,14,41
2025-05-27T13:00:00,9,58
2025-05-27T14:00:00,10,61
2025-05-27T15:00:00,10,77
2025-05-27T16:00:00,6,64
2025-05-27T17:00:00,0,52
2025-05-27T18:00:00,2,49
2025-05-27T19:00:00,4,7
2025-05-28T10:00:00,13,26
2025-05-28T11:00:00,7,45
2025-05-28T12:00:00,8,59
2025-05-28T13:00:00,8,70
2025-05-28T14:00:00,6,75
2025-05-28T15:00:00,6,75
2025-05-28T16:00:00,1,43
2025-05-28T17:00:00,2,45
2025-05-28T18:00:00,2,31
2025-05-28T19:00:00,0,0
2025-05-29T10:00:00,13,28
2025-05-29T11:00:00,12,51
2025-05-29T12:00:00,9,36
2025-05-29T13:00:00,10,56
2025-05-29T14:00:00,9,93
2025-05-29T15:00:00,1,42
2025-05-29T15:00:00,1,42
2025-05-29T17:00:00,3,50
2025-05-29T18:00:00,5,27
2025-05-30T10:00:00,7,14
2025-05-30T11:00:00,3,49
2025-05-30T12:00:00,5,106
2025-05-30T13:00:00,3,127
2025-05-30T14:00:00,4,140
2025-05-30T14:00:00,4,140
2025-05-30T15:00:00,8,164
2025-05-30T16:00:00,10,168
2025-05-30T17:00:00,8,167
2025-05-30T18:00:00,8,111
2025-05-30T19:00:00,6,50
2025-05-31T10:00:00,8,16
2025-05-31T11:00:00,8,52
2025-05-31T12:00:00,6,84
2025-05-31T13:00:00,5,126
2025-05-31T14:00:00,4,166
2025-05-31T15:00:00,3,190
2025-05-31T16:00:00,3,187
2025-05-31T17:00:00,4,130
2025-05-31T18:00:00,2,68
2025-05-31T19:00:00,18,395
2025-06-01T10:00:00,4,8
2025-06-01T11:00:00,5,46
2025-06-01T12:00:00,4,105
2025-06-01T13:00:00,5,134
2025-06-01T14:00:00,4,150
2025-06-01T15:00:00,4,159
2025-06-01T16:00:00,6,160
2025-06-01T17:00:00,5,145
2025-06-01T18:00:00,5,80
2025-06-01T19:00:00,2,5
2025-06-02T10:00:00,10,20
2025-06-02T11:00:00,7,49
2025-06-02T12:00:00,8,76
2025-06-02T13:00:00,8,73
2025-06-02T14:00:00,6,42
2025-06-02T15:00:00,6,42
2025-06-02T16:00:00,0,27
2025-06-02T17:00:00,0,40
2025-06-02T18:00:00,0,50
2025-06-03T11:00:00,5,29
2025-06-03T12:00:00,6,48
2025-06-03T13:00:00,6,58
2025-06-03T14:00:00,7,70
2025-06-03T15:00:00,5,72
2025-06-03T16:00:00,2,72
2025-06-03T17:00:00,1,70
2025-06-03T18:00:00,1,47
2025-06-03T19:00:00,0,0
2025-06-04T10:00:00,14,28
2025-06-04T11:00:00,14,62
2025-06-04T12:00:00,9,60
2025-06-04T13:00:00,9,76
2025-06-04T14:00:00,12,77
2025-06-04T15:00:00,7,67
2025-06-04T16:00:00,5,63
2025-06-04T17:00:00,5,54
2025-06-04T18:00:00,3,34
2025-06-04T18:00:00,2,4
2025-06-05T10:00:00,19,38
2025-06-05T11:00:00,16,56
2025-06-05T12:00:00,11,68
2025-06-05T12:00:00,11,68
2025-06-05T13:00:00,10,101
2025-06-05T14:00:00,8,76
2025-06-05T15:00:00,9,86
2025-06-05T16:00:00,6,88
2025-06-05T17:00:00,1,85
2025-06-05T18:00:00,3,58
2025-06-05T19:00:00,1,1
2025-06-06T10:00:00,16,32
2025-06-06T11:00:00,14,57
2025-06-06T12:00:00,12,79
2025-06-06T13:00:00,14,82
2025-06-06T14:00:00,8,86
2025-06-06T14:00:00,8,86
2025-06-06T15:00:00,5,89
2025-06-06T16:00:00,2,64
2025-06-06T17:00:00,2,72
2025-06-06T18:00:00,3,59
2025-06-06T19:00:00,1,2
2025-06-07T10:00:00,3,6
2025-06-07T11:00:00,3,27
2025-06-07T12:00:00,3,57
2025-06-07T13:00:00,1,54
2025-06-07T14:00:00,1,84
2025-06-07T15:00:00,1,105
2025-06-07T16:00:00,1,101
2025-06-07T17:00:00,2,105
2025-06-07T18:00:00,2,69
2025-06-08T10:00:00,3,6
2025-06-08T11:00:00,5,33
2025-06-08T12:00:00,8,82
2025-06-08T13:00:00,2,94
2025-06-08T14:00:00,1,146
2025-06-08T15:00:00,1,146
2025-06-08T16:00:00,6,163
2025-06-08T17:00:00,5,131
2025-06-08T18:00:00,3,17
2025-06-09T10:00:00,14,28
2025-06-09T11:00:00,11,40
2025-06-09T11:00:00,11,40
2025-06-09T12:00:00,12,57
2025-06-09T13:00:00,10,69
2025-06-09T13:00:00,10,69
2025-06-09T14:00:00,10,87
2025-06-09T15:00:00,9,103
2025-06-09T16:00:00,5,86
2025-06-09T17:00:00,3,81
2025-06-09T18:00:00,5,46
2025-06-09T19:00:00,4,5
2025-06-10T10:00:00,18,36
2025-06-10T11:00:00,17,63
2025-06-10T12:00:00,15,86
2025-06-10T13:00:00,19,91
2025-06-10T14:00:00,14,88
2025-06-10T15:00:00,2,75
2025-06-10T15:00:00,2,75
2025-06-10T16:00:00,3,80
2025-06-10T17:00:00,1,79
2025-06-10T18:00:00,3,55
2025-06-10T18:00:00,2,3
2025-06-11T10:00:00,14,28
2025-06-11T11:00:00,12,51
2025-06-11T12:00:00,11,71
2025-06-11T13:00:00,12,84
2025-06-11T14:00:00,12,118
2025-06-11T15:00:00,12,102
2025-06-11T16:00:00,3,68
2025-06-11T17:00:00,4,75
2025-06-11T18:00:00,4,52
2025-06-11T19:00:00,2,2
2025-06-12T10:00:00,10,20
2025-06-12T11:00:00,7,51
2025-06-12T12:00:00,8,73
2025-06-12T13:00:00,8,83
2025-06-12T14:00:00,9,100
2025-06-12T15:00:00,9,100
2025-06-12T17:00:00,4,70
2025-06-12T18:00:00,1,41
2025-06-12T19:00:00,4,10
2025-06-13T10:00:00,15,30
2025-06-13T11:00:00,11,43
2025-06-13T12:00:00,11,51
2025-06-13T13:00:00,12,62
2025-06-13T14:00:00,5,66
2025-06-13T15:00:00,3,66
2025-06-13T16:00:00,2,53
2025-06-13T17:00:00,2,45
2025-06-13T18:00:00,2,34
2025-06-13T19:00:00,2,4
2025-06-14T10:00:00,8,16
2025-06-14T11:00:00,5,17
2025-06-14T12:00:00,3,46
2025-06-14T13:00:00,3,83
2025-06-14T14:00:00,2,87
2025-06-14T15:00:00,2,99
2025-06-14T16:00:00,3,84
2025-06-14T17:00:00,3,68
2025-06-14T18:00:00,5,49
2025-06-14T19:00:00,5,10
2025-06-15T10:00:00,4,8
2025-06-15T11:00:00,6,56
2025-06-15T12:00:00,2,108
2025-06-15T13:00:00,1,167
2025-06-15T14:00:00,1,187
2025-06-15T15:00:00,2,173
2025-06-15T16:00:00,3,206
2025-06-15T17:00:00,3,159
2025-06-15T18:00:00,2,98
2025-06-15T19:00:00,0,24
2025-06-16T10:00:00,15,30
2025-06-16T11:00:00,10,43
2025-06-16T12:00:00,12,76
2025-06-16T13:00:00,8,69
2025-06-16T14:00:00,10,64
2025-06-16T15:00:00,11,71
2025-06-16T17:00:00,5,50
2025-06-16T17:00:00,2,57
2025-06-16T18:00:00,1,55
2025-06-16T19:00:00,1,2
2025-06-17T10:00:00,15,30
2025-06-17T11:00:00,12,59
2025-06-17T12:00:00,9,82
2025-06-17T13:00:00,8,92
2025-06-17T14:00:00,9,99
2025-06-17T14:00:00,9,99
2025-06-17T15:00:00,11,122
2025-06-17T16:00:00,4,111
2025-06-17T17:00:00,2,101
2025-06-17T18:00:00,3,96
2025-06-17T19:00:00,4,28
2025-06-18T10:00:00,18,36
2025-06-18T11:00:00,13,45
2025-06-18T12:00:00,10,56
2025-06-18T13:00:00,13,92
2025-06-18T14:00:00,15,96
2025-06-18T15:00:00,11,101
2025-06-18T16:00:00,1,93
2025-06-18T17:00:00,2,83
2025-06-18T18:00:00,2,64
2025-06-18T19:00:00,1,2
2025-06-19T10:00:00,15,30
2025-06-19T11:00:00,10,47
2025-06-19T11:00:00,10,47
2025-06-19T12:00:00,12,64
2025-06-19T13:00:00,11,104
2025-06-19T14:00:00,11,114
2025-06-19T15:00:00,11,103
2025-06-19T16:00:00,3,98
2025-06-19T17:00:00,5,110
2025-06-19T18:00:00,6,73
2025-06-19T19:00:00,3,6
2025-06-20T10:00:00,15,30
2025-06-20T11:00:00,9,29
2025-06-20T12:00:00,11,50
2025-06-20T13:00:00,13,89
2025-06-20T14:00:00,8,88
2025-06-20T15:00:00,10,121
2025-06-20T16:00:00,4,107
2025-06-20T17:00:00,4,111
2025-06-20T18:00:00,9,91
2025-06-20T19:00:00,7,10
2025-06-21T08:00:00,3,6
2025-06-21T09:00:00,3,14
2025-06-21T10:00:00,1,36
2025-06-21T12:00:00,3,80
2025-06-21T13:00:00,1,95
2025-06-21T13:00:00,1,98
2025-06-21T14:00:00,2,134
2025-06-21T15:00:00,4,136
2025-06-21T16:00:00,4,114
2025-06-21T17:00:00,6,121
2025-06-21T18:00:00,5,129
2025-06-21T19:00:00,6,84
2025-06-21T20:00:00,3,9
2025-06-22T08:00:00,0,0
2025-06-22T09:00:00,1,6
2025-06-22T10:00:00,5,28
2025-06-22T11:00:00,7,45
2025-06-22T12:00:00,8,69
2025-06-22T13:00:00,4,112
2025-06-22T14:00:00,7,106
2025-06-22T15:00:00,10,128
2025-06-22T16:00:00,9,134
2025-06-22T17:00:00,12,129
2025-06-22T18:00:00,11,130
2025-06-22T19:00:00,8,87
2025-06-23T08:00:00,15,30
2025-06-23T09:00:00,17,33
2025-06-23T10:00:00,23,43
2025-06-23T11:00:00,21,62
2025-06-23T12:00:00,17,100
2025-06-23T13:00:00,15,104
2025-06-23T13:00:00,15,104
2025-06-23T14:00:00,15,129
2025-06-23T14:00:00,15,129
2025-06-23T15:00:00,13,107
2025-06-23T16:00:00,14,99
2025-06-23T17:00:00,4,72
2025-06-23T18:00:00,2,47
2025-06-23T19:00:00,1,21
2025-06-23T20:00:00,0,0
2025-06-24T08:00:00,17,34
2025-06-24T09:00:00,15,26
2025-06-24T10:00:00,17,30
2025-06-24T11:00:00,19,35
2025-06-24T12:00:00,15,57
2025-06-24T13:00:00,13,93
2025-06-24T14:00:00,14,95
2025-06-24T15:00:00,10,70
2025-06-24T16:00:00,8,83
2025-06-24T17:00:00,7,75
2025-06-24T18:00:00,7,88
2025-06-24T18:00:00,7,88
2025-06-24T19:00:00,5,51
2025-06-24T20:00:00,3,4
2025-06-25T08:00:00,9,20
2025-06-25T09:00:00,12,23
2025-06-25T10:00:00,21,35
2025-06-25T11:00:00,20,56
2025-06-25T12:00:00,20,72
2025-06-25T13:00:00,20,131
2025-06-25T14:00:00,14,157
2025-06-25T14:00:00,11,157
2025-06-25T15:00:00,11,152
2025-06-25T16:00:00,3,160
2025-06-25T17:00:00,3,148
2025-06-25T18:00:00,2,135
2025-06-25T20:00:00,2,5
2025-06-26T08:00:00,16,32
2025-06-26T09:00:00,10,26
2025-06-26T10:00:00,13,30
2025-06-26T11:00:00,15,47
2025-06-26T12:00:00,13,87
2025-06-26T13:00:00,14,140
2025-06-26T14:00:00,16,152
2025-06-26T14:00:00,16,152
2025-06-26T15:00:00,15,166
2025-06-26T16:00:00,7,155
2025-06-26T17:00:00,5,150
2025-06-26T18:00:00,3,110
2025-06-26T19:00:00,2,30
2025-06-27T08:00:00,14,27
2025-06-27T09:00:00,19,33
2025-06-27T10:00:00,21,43
2025-06-27T11:00:00,21,61
2025-06-27T12:00:00,19,115
2025-06-27T13:00:00,20,116
2025-06-27T14:00:00,14,156
2025-06-27T15:00:00,7,116
2025-06-27T16:00:00,2,121
2025-06-27T17:00:00,6,131
2025-06-27T18:00:00,4,87
2025-06-27T19:00:00,4,41
2025-06-27T20:00:00,3,12
2025-06-28T08:00:00,9,18
2025-06-28T09:00:00,5,17
2025-06-28T10:00:00,6,20
2025-06-28T10:00:00,6,20
2025-06-28T11:00:00,9,55
2025-06-28T12:00:00,7,82
2025-06-28T13:00:00,6,107
2025-06-28T14:00:00,8,154
2025-06-28T15:00:00,6,145
2025-06-28T16:00:00,7,42
2025-06-28T17:00:00,8,146
2025-06-28T18:00:00,9,154
2025-06-28T19:00:00,9,110
2025-06-28T20:00:00,6,12
2025-06-28T20:00:00,27,417
2025-06-29T08:00:00,2,4
2025-06-29T09:00:00,6,18
2025-06-29T10:00:00,5,27
2025-06-29T10:00:00,4,47
2025-06-29T11:00:00,4,47
2025-06-29T12:00:00,10,90
2025-06-29T13:00:00,9,137
2025-06-29T14:00:00,7,192
2025-06-29T15:00:00,8,207
2025-06-29T16:00:00,10,222
2025-06-29T17:00:00,12,214
2025-06-29T18:00:00,12,174
2025-06-29T19:00:00,12,115
2025-06-29T20:00:00,9,20
2025-06-30T08:00:00,15,30
2025-06-30T09:00:00,14,26
2025-06-30T10:00:00,17,58
2025-06-30T11:00:00,14,72
2025-06-30T13:00:00,13,95
2025-06-30T14:00:00,9,139
2025-06-30T15:00:00,10,140
2025-06-30T16:00:00,9,162
2025-06-30T17:00:00,1,108
2025-06-30T18:00:00,1,95
2025-06-30T19:00:00,3,57
2025-07-01T08:00:00,11,22
2025-07-01T09:00:00,13,30
2025-07-01T10:00:00,17,38
2025-07-01T11:00:00,20,42
2025-07-01T12:00:00,19,48
2025-07-01T13:00:00,15,96
2025-07-01T14:00:00,16,104
2025-07-01T15:00:00,14,97
2025-07-01T16:00:00,10,102
2025-07-01T17:00:00,4,104
2025-07-01T18:00:00,4,64
2025-07-01T19:00:00,1,49
2025-07-01T20:00:00,0,0
2025-07-02T08:00:00,13,26
2025-07-02T09:00:00,12,20
2025-07-02T10:00:00,13,24
2025-07-02T11:00:00,13,39
2025-07-02T12:00:00,15,73
2025-07-02T13:00:00,16,76
2025-07-02T14:00:00,13,96
2025-07-02T15:00:00,15,112
2025-07-02T15:00:00,15,112
2025-07-02T16:00:00,7,103
2025-07-02T17:00:00,1,107
2025-07-02T18:00:00,1,108
2025-07-02T19:00:00,1,50
2025-07-02T20:00:00,2,10
2025-07-03T08:00:00,17,34
2025-07-03T09:00:00,7,14
2025-07-03T10:00:00,12,28
2025-07-03T11:00:00,14,49
2025-07-03T12:00:00,13,102
2025-07-03T12:00:00,13,102
2025-07-03T13:00:00,14,122
2025-07-03T14:00:00,13,158
2025-07-03T15:00:00,10,161
2025-07-03T16:00:00,5,173
2025-07-03T17:00:00,2,166
2025-07-03T18:00:00,2,163
2025-07-03T19:00:00,2,87
2025-07-03T20:00:00,1,3
2025-07-04T08:00:00,15,30
2025-07-04T09:00:00,10,25
2025-07-04T10:00:00,12,28
2025-07-04T11:00:00,11,44
2025-07-04T12:00:00,8,73
2025-07-04T13:00:00,7,75
2025-07-04T14:00:00,1,118
2025-07-04T15:00:00,1,123
2025-07-04T16:00:00,3,138
2025-07-04T17:00:00,4,132
2025-07-04T18:00:00,3,101
2025-07-04T19:00:00,3,51
2025-07-04T19:00:00,3,51
2025-07-04T20:00:00,2,6
2025-07-05T08:00:00,3,6
2025-07-05T09:00:00,4,17
2025-07-05T10:00:00,3,16
2025-07-05T11:00:00,2,40
2025-07-05T12:00:00,4,97
2025-07-05T13:00:00,4,102
2025-07-05T14:00:00,6,139
2025-07-05T15:00:00,2,127
2025-07-05T16:00:00,3,173
2025-07-05T17:00:00,2,146
2025-07-05T18:00:00,2,96
2025-07-05T20:00:00,0,0
2025-07-06T09:00:00,5,13
2025-07-06T10:00:00,4,25
2025-07-06T11:00:00,5,52
2025-07-06T11:00:00,5,52
2025-07-06T12:00:00,3,104
2025-07-06T13:00:00,3,141
2025-07-06T14:00:00,3,231
2025-07-06T15:00:00,2,278
2025-07-06T16:00:00,3,275
2025-07-06T17:00:00,1,176
2025-07-06T18:00:00,1,118
2025-07-06T19:00:00,1,64
2025-07-07T08:00:00,13,26
2025-07-07T09:00:00,10,23
2025-07-07T10:00:00,8,18
2025-07-07T11:00:00,8,35
2025-07-07T12:00:00,6,64
2025-07-07T12:00:00,6,64
2025-07-07T13:00:00,10,73
2025-07-07T14:00:00,9,103
2025-07-07T15:00:00,9,137
2025-07-07T16:00:00,8,119
2025-07-07T17:00:00,4,109
2025-07-07T18:00:00,3,86
2025-07-07T19:00:00,3,46
2025-07-07T20:00:00,1,7
2025-07-08T08:00:00,13,26
2025-07-08T09:00:00,11,23
2025-07-08T10:00:00,14,45
2025-07-08T11:00:00,15,56
2025-07-08T12:00:00,11,78
2025-07-08T13:00:00,10,110
2025-07-08T14:00:00,10,99
2025-07-08T15:00:00,8,77
2025-07-08T16:00:00,3,103
2025-07-08T17:00:00,4,43
2025-07-08T17:00:00,4,142
2025-07-08T18:00:00,4,98
2025-07-08T20:00:00,2,5
2025-07-09T08:00:00,18,38
2025-07-09T09:00:00,20,55
2025-07-09T10:00:00,22,70
2025-07-09T11:00:00,24,98
2025-07-09T12:00:00,22,138
2025-07-09T13:00:00,21,188
2025-07-09T14:00:00,20,179
2025-07-09T15:00:00,20,160
2025-07-09T16:00:00,4,149
2025-07-09T17:00:00,3,114
2025-07-09T18:00:00,2,104
2025-07-09T19:00:00,5,56
2025-07-09T20:00:00,2,9
2025-07-10T08:00:00,14,28
2025-07-10T09:00:00,14,31
2025-07-10T10:00:00,13,42
2025-07-10T11:00:00,11,53
2025-07-10T12:00:00,12,75
2025-07-10T13:00:00,12,128
2025-07-10T13:00:00,12,128
2025-07-10T14:00:00,13,161
2025-07-10T15:00:00,12,169
2025-07-10T16:00:00,6,188
2025-07-10T17:00:00,7,187
2025-07-10T18:00:00,4,145
2025-07-10T19:00:00,2,52
2025-07-11T08:00:00,17,34
2025-07-11T09:00:00,18,41
2025-07-11T10:00:00,17,42
2025-07-11T11:00:00,19,72
2025-07-11T12:00:00,22,86
2025-07-11T13:00:00,22,131
2025-07-11T14:00:00,19,153
2025-07-11T15:00:00,5,171
2025-07-11T16:00:00,5,161
2025-07-11T17:00:00,3,151
2025-07-11T18:00:00,3,111
2025-07-11T19:00:00,2,55
2025-07-11T20:00:00,0,2
2025-07-12T08:00:00,7,14
2025-07-12T09:00:00,3,13
2025-07-12T10:00:00,4,18
2025-07-12T11:00:00,7,77
2025-07-12T12:00:00,5,127
2025-07-12T13:00:00,6,180
2025-07-12T14:00:00,4,277
2025-07-12T15:00:00,5,287
2025-07-12T16:00:00,6,299
2025-07-12T17:00:00,6,268
2025-07-12T18:00:00,7,202
2025-07-12T19:00:00,4,66
2025-07-12T20:00:00,2,5
2025-07-13T08:00:00,0,0
2025-07-13T09:00:00,1,9
2025-07-13T10:00:00,2,16
2025-07-13T11:00:00,5,62
2025-07-13T12:00:00,6,111
2025-07-13T13:00:00,4,163
2025-07-13T13:00:00,4,163
2025-07-13T14:00:00,3,229
2025-07-13T15:00:00,2,260
2025-07-13T16:00:00,5,289
2025-07-13T17:00:00,4,259
2025-07-13T18:00:00,6,205
2025-07-13T19:00:00,5,150
2025-07-13T20:00:00,1,2
2025-07-14T08:00:00,17,33
2025-07-14T09:00:00,16,32
2025-07-14T10:00:00,12,28
2025-07-14T11:00:00,11,56
2025-07-14T12:00:00,12,95
2025-07-14T13:00:00,12,135
2025-07-14T14:00:00,12,128
2025-07-14T15:00:00,12,154
2025-07-14T16:00:00,7,169
2025-07-14T17:00:00,6,149
2025-07-14T18:00:00,4,134
2025-07-14T19:00:00,1,57
2025-07-15T08:00:00,13,26
2025-07-15T09:00:00,8,29
2025-07-15T10:00:00,10,37
2025-07-15T11:00:00,12,56
2025-07-15T12:00:00,13,80
2025-07-15T13:00:00,8,104
2025-07-15T14:00:00,7,124
2025-07-15T15:00:00,5,122
2025-07-15T16:00:00,2,148
2025-07-15T17:00:00,2,139
2025-07-15T18:00:00,1,109
2025-07-15T19:00:00,2,81
2025-07-15T20:00:00,1,3
2025-07-16T08:00:00,13,27
2025-07-16T09:00:00,16,32
2025-07-16T10:00:00,20,56
2025-07-16T11:00:00,19,75
2025-07-16T12:00:00,19,112
2025-07-16T13:00:00,15,143
2025-07-16T14:00:00,12,154
2025-07-16T15:00:00,7,157
2025-07-16T16:00:00,6,179
2025-07-16T17:00:00,4,160
2025-07-16T18:00:00,4,123
2025-07-16T19:00:00,4,84
2025-07-16T20:00:00,1,1
2025-07-17T08:00:00,13,26
2025-07-17T09:00:00,9,32
2025-07-17T10:00:00,14,49
2025-07-17T11:00:00,17,77
2025-07-17T12:00:00,21,126
2025-07-17T13:00:00,17,160
2025-07-17T13:00:00,17,160
2025-07-17T14:00:00,11,163
2025-07-17T15:00:00,8,163
2025-07-17T16:00:00,3,183
2025-07-17T17:00:00,3,155
2025-07-17T18:00:00,2,92
2025-07-17T18:00:00,2,92
2025-07-17T19:00:00,2,55
2025-07-18T08:00:00,13,26
2025-07-18T09:00:00,14,30
2025-07-18T10:00:00,17,54
2025-07-18T11:00:00,19,68
2025-07-18T12:00:00,21,124
2025-07-18T13:00:00,16,133
2025-07-18T14:00:00,10,127
2025-07-18T15:00:00,0,122
2025-07-18T15:00:00,0,122
2025-07-18T16:00:00,0,16
2025-07-18T17:00:00,3,97
2025-07-18T18:00:00,3,83
2025-07-18T18:00:00,3,83
2025-07-18T19:00:00,1,28
2025-07-18T20:00:00,1,1
2025-07-19T08:00:00,6,12
2025-07-19T09:00:00,2,17
2025-07-19T10:00:00,2,34
2025-07-19T11:00:00,5,89
2025-07-19T12:00:00,6,104
2025-07-19T13:00:00,4,162
2025-07-19T14:00:00,4,165
2025-07-19T15:00:00,2,206
2025-07-19T16:00:00,6,221
2025-07-19T17:00:00,5,202
2025-07-19T19:00:00,3,101
2025-07-19T20:00:00,2,8
2025-07-20T08:00:00,2,4
2025-07-20T09:00:00,5,19
2025-07-20T10:00:00,5,29
2025-07-20T11:00:00,6,80
2025-07-20T12:00:00,2,108
2025-07-20T13:00:00,2,157
2025-07-20T14:00:00,2,212
2025-07-20T14:00:00,2,212
2025-07-20T16:00:00,3,235
2025-07-20T17:00:00,3,16
2025-07-20T17:00:00,3,216
2025-07-20T18:00:00,3,182
2025-07-20T19:00:00,3,68
2025-07-20T20:00:00,3,5
2025-07-21T08:00:00,15,30
2025-07-21T09:00:00,13,25
2025-07-21T10:00:00,16,36
2025-07-21T10:00:00,16,36
2025-07-21T11:00:00,18,65
2025-07-21T11:00:00,18,76
2025-07-21T13:00:00,14,122
2025-07-21T14:00:00,13,137
2025-07-21T15:00:00,8,150
2025-07-21T16:00:00,6,170
2025-07-21T17:00:00,3,164
2025-07-21T18:00:00,1,122
2025-07-21T19:00:00,1,94
2025-07-22T08:00:00,10,20
2025-07-22T09:00:00,13,29
2025-07-22T10:00:00,19,33
2025-07-22T11:00:00,22,63
2025-07-22T12:00:00,24,125
2025-07-22T13:00:00,23,139
2025-07-22T14:00:00,23,169
2025-07-22T15:00:00,11,145
2025-07-22T16:00:00,3,150
2025-07-22T16:00:00,10,174
2025-07-22T18:00:00,4,112
2025-07-22T18:00:00,4,112
2025-07-22T19:00:00,1,67
2025-07-22T20:00:00,1,2
2025-07-23T08:00:00,11,22
2025-07-23T09:00:00,8,23
2025-07-23T10:00:00,8,24
2025-07-23T11:00:00,9,58
2025-07-23T12:00:00,9,54
2025-07-23T13:00:00,8,126
2025-07-23T14:00:00,9,130
2025-07-23T15:00:00,9,84
2025-07-23T16:00:00,6,82
2025-07-23T17:00:00,2,96
2025-07-23T18:00:00,2,87
2025-07-23T19:00:00,1,47
2025-07-23T20:00:00,0,0
2025-07-24T08:00:00,11,22
2025-07-24T09:00:00,6,13
2025-07-24T10:00:00,8,55
2025-07-24T10:00:00,8,55
2025-07-24T11:00:00,8,56
2025-07-24T12:00:00,10,99
2025-07-24T13:00:00,9,125
2025-07-24T14:00:00,7,104
2025-07-24T15:00:00,8,71
2025-07-24T16:00:00,8,62
2025-07-24T17:00:00,0,58
2025-07-24T18:00:00,2,36
2025-07-24T19:00:00,1,18
2025-07-24T20:00:00,0,0
2025-07-25T08:00:00,11,22
2025-07-25T09:00:00,12,26
2025-07-25T10:00:00,15,39
2025-07-25T12:00:00,12,102
2025-07-25T13:00:00,9,120
2025-07-25T14:00:00,9,164
2025-07-25T15:00:00,2,160
2025-07-25T17:00:00,4,172
2025-07-25T18:00:00,4,158
2025-07-25T19:00:00,4,91
2025-07-25T20:00:00,1,2
2025-07-26T08:00:00,15,30
2025-07-26T09:00:00,20,52
2025-07-26T10:00:00,24,63
2025-07-26T11:00:00,22,109
2025-07-26T12:00:00,26,168
2025-07-26T13:00:00,24,212
2025-07-26T14:00:00,17,226
2025-07-26T15:00:00,8,218
2025-07-26T16:00:00,9,234
2025-07-26T16:00:00,9,234
2025-07-26T17:00:00,11,214
2025-07-26T17:00:00,11,214
2025-07-26T18:00:00,11,179
2025-07-26T19:00:00,10,106
2025-07-26T20:00:00,6,15
2025-07-27T08:00:00,1,2
2025-07-27T09:00:00,2,12
2025-07-27T10:00:00,5,63
2025-07-27T11:00:00,5,118
2025-07-27T12:00:00,1,166
2025-07-27T13:00:00,3,210
2025-07-27T14:00:00,2,290
2025-07-27T15:00:00,3,292
2025-07-27T16:00:00,4,327
2025-07-27T17:00:00,18,291
2025-07-27T18:00:00,4,209
2025-07-27T19:00:00,3,154
2025-07-28T08:00:00,12,24
2025-07-28T09:00:00,10,24
2025-07-28T10:00:00,10,31
2025-07-28T12:00:00,12,72
2025-07-28T13:00:00,15,127
2025-07-28T14:00:00,15,134
2025-07-28T15:00:00,15,134
2025-07-28T16:00:00,8,175
2025-07-28T17:00:00,8,171
2025-07-28T18:00:00,5,142
2025-07-29T08:00:00,13,26
2025-07-29T09:00:00,7,24
2025-07-29T10:00:00,10,29
2025-07-29T11:00:00,11,61
2025-07-29T13:00:00,11,160
2025-07-29T14:00:00,11,187
2025-07-29T15:00:00,11,215
2025-07-29T16:00:00,5,198
2025-07-29T17:00:00,5,168
2025-07-29T18:00:00,4,148
2025-07-29T19:00:00,3,84
2025-07-29T20:00:00,0,0
2025-07-30T08:00:00,12,23
2025-07-30T09:00:00,13,27
2025-07-30T10:00:00,15,33
2025-07-30T11:00:00,20,63
2025-07-30T12:00:00,18,98
2025-07-30T13:00:00,17,150
2025-07-30T14:00:00,18,174
2025-07-30T14:00:00,18,34
2025-07-30T15:00:00,18,34
2025-07-30T16:00:00,7,164
2025-07-30T17:00:00,2,148
2025-07-30T18:00:00,2,148
2025-07-30T19:00:00,1,96
2025-07-30T20:00:00,0,0
2025-07-31T08:00:00,15,30
2025-07-31T09:00:00,13,53
2025-07-31T10:00:00,15,56
2025-07-31T11:00:00,17,94
2025-07-31T11:00:00,17,94
2025-07-31T12:00:00,16,149
2025-07-31T13:00:00,14,184
2025-07-31T14:00:00,14,253
2025-07-31T15:00:00,13,196
2025-07-31T16:00:00,5,204
2025-07-31T17:00:00,6,227
2025-07-31T18:00:00,5,207
2025-07-31T19:00:00,4,96
2025-07-31T19:00:00,4,96
2025-08-01T08:00:00,10,20
2025-08-01T09:00:00,12,22
2025-08-01T10:00:00,17,34
2025-08-01T11:00:00,16,47
2025-08-01T12:00:00,16,80
2025-08-01T13:00:00,13,22
2025-08-01T14:00:00,12,156
2025-08-01T15:00:00,8,162
2025-08-01T16:00:00,3,164
2025-08-01T16:00:00,3,164
2025-08-01T17:00:00,5,154
2025-08-01T18:00:00,6,131
2025-08-01T19:00:00,6,81
2025-08-01T20:00:00,5,17
2025-08-02T08:00:00,6,12
2025-08-02T09:00:00,2,16
2025-08-02T11:00:00,1,53
2025-08-02T12:00:00,2,55
2025-08-02T13:00:00,2,166
2025-08-02T14:00:00,1,161
2025-08-02T15:00:00,9,187
2025-08-02T16:00:00,9,120
2025-08-02T17:00:00,9,112
2025-08-02T18:00:00,7,59
2025-08-02T19:00:00,7,31
2025-08-02T20:00:00,6,20
2025-08-03T09:00:00,1,10
2025-08-03T10:00:00,1,14
2025-08-03T11:00:00,2,33
2025-08-03T12:00:00,4,69
2025-08-03T13:00:00,5,126
2025-08-03T14:00:00,3,160
2025-08-03T15:00:00,3,164
2025-08-03T16:00:00,2,169
2025-08-03T17:00:00,2,159
2025-08-03T19:00:00,0,57
2025-08-03T20:00:00,0,0
2025-08-04T08:00:00,16,32
2025-08-04T09:00:00,13,36
2025-08-04T10:00:00,13,38
2025-08-04T11:00:00,18,64
2025-08-04T12:00:00,18,88
2025-08-04T14:00:00,11,141
2025-08-04T15:00:00,10,147
2025-08-04T15:00:00,15,132
2025-08-04T16:00:00,11,144
2025-08-04T17:00:00,5,106
2025-08-04T18:00:00,4,109
2025-08-04T19:00:00,2,55
2025-08-05T08:00:00,11,22
2025-08-05T09:00:00,18,32
2025-08-05T10:00:00,18,34
2025-08-05T11:00:00,23,36
2025-08-05T11:00:00,23,72
2025-08-05T12:00:00,16,106
2025-08-05T13:00:00,17,150
2025-08-05T14:00:00,17,177
2025-08-05T15:00:00,16,148
2025-08-05T16:00:00,8,175
2025-08-05T17:00:00,4,167
2025-08-05T18:00:00,3,159
2025-08-05T19:00:00,3,100
2025-08-05T20:00:00,2,2
2025-08-06T08:00:00,13,26
2025-08-06T09:00:00,10,94
2025-08-06T10:00:00,11,49
2025-08-06T11:00:00,12,92
2025-08-06T12:00:00,9,139
2025-08-06T13:00:00,9,181
2025-08-06T15:00:00,13,164
2025-08-06T16:00:00,7,189
2025-08-06T17:00:00,5,201
2025-08-06T18:00:00,3,151
2025-08-06T19:00:00,4,84
2025-08-06T20:00:00,2,6
2025-08-07T08:00:00,14,28
2025-08-07T09:00:00,9,30
2025-08-07T10:00:00,13,35
2025-08-07T11:00:00,16,90
2025-08-07T12:00:00,15,132
2025-08-07T13:00:00,13,134
2025-08-07T14:00:00,17,214
2025-08-07T16:00:00,3,187
2025-08-07T17:00:00,3,191
2025-08-07T18:00:00,3,135
2025-08-07T19:00:00,4,137
2025-08-07T20:00:00,0,0
2025-08-08T08:00:00,13,26
2025-08-08T09:00:00,10,28
2025-08-08T11:00:00,11,63
2025-08-08T12:00:00,11,111
2025-08-08T13:00:00,10,141
2025-08-08T14:00:00,10,143
2025-08-08T15:00:00,6,174
2025-08-08T17:00:00,7,139
2025-08-08T18:00:00,5,133
2025-08-08T19:00:00,3,76
2025-08-08T20:00:00,0,0
2025-08-09T08:00:00,6,13
2025-08-09T09:00:00,2,12
2025-08-09T10:00:00,4,23
2025-08-09T11:00:00,4,68
2025-08-09T12:00:00,6,131
2025-08-09T13:00:00,6,187
2025-08-09T14:00:00,6,206
2025-08-09T15:00:00,4,247
2025-08-09T16:00:00,5,247
2025-08-09T17:00:00,5,233
2025-08-09T18:00:00,7,212
2025-08-09T18:00:00,7,212
2025-08-09T19:00:00,8,146
2025-08-09T20:00:00,3,10
2025-08-10T08:00:00,0,0
2025-08-10T09:00:00,5,24
2025-08-10T10:00:00,5,43
2025-08-10T11:00:00,7,113
2025-08-10T12:00:00,5,163
2025-08-10T12:00:00,6,165
2025-08-10T13:00:00,6,200
2025-08-10T14:00:00,6,298
2025-08-10T15:00:00,4,350
2025-08-10T16:00:00,4,317
2025-08-10T17:00:00,8,321
2025-08-10T18:00:00,5,334
2025-08-10T19:00:00,5,232
2025-08-11T08:00:00,15,30
2025-08-11T09:00:00,11,32
2025-08-11T10:00:00,15,47
2025-08-11T11:00:00,11,62
2025-08-11T12:00:00,10,135
2025-08-11T13:00:00,8,130
2025-08-11T14:00:00,8,170
2025-08-11T15:00:00,8,135
2025-08-11T16:00:00,3,158
2025-08-11T17:00:00,2,157
2025-08-11T18:00:00,0,164
2025-08-12T08:00:00,15,30
2025-08-12T09:00:00,13,30
2025-08-12T10:00:00,13,35
2025-08-12T11:00:00,11,66
2025-08-12T12:00:00,11,118
2025-08-12T13:00:00,9,121
2025-08-12T14:00:00,9,171
2025-08-12T15:00:00,6,166
2025-08-12T16:00:00,1,163
2025-08-12T18:00:00,1,87
2025-08-12T19:00:00,0,85
2025-08-13T08:00:00,11,22
2025-08-13T09:00:00,8,23
2025-08-13T10:00:00,16,39
2025-08-13T11:00:00,15,75
2025-08-13T12:00:00,13,123
2025-08-13T13:00:00,16,167
2025-08-13T14:00:00,14,197
2025-08-13T15:00:00,14,189
2025-08-13T15:00:00,14,189
2025-08-13T16:00:00,17,201
2025-08-13T17:00:00,6,195
2025-08-13T18:00:00,4,188
2025-08-13T19:00:00,4,98
2025-08-13T20:00:00,2,5
2025-08-14T08:00:00,13,26
2025-08-14T08:00:00,13,26
2025-08-14T09:00:00,10,24
2025-08-14T10:00:00,14,37
2025-08-14T10:00:00,14,37
2025-08-14T11:00:00,17,74
2025-08-14T11:00:00,17,74
2025-08-14T12:00:00,16,108
2025-08-14T13:00:00,9,142
2025-08-14T13:00:00,9,142
2025-08-14T14:00:00,10,168
2025-08-14T15:00:00,4,128
2025-08-14T16:00:00,5,148
2025-08-14T17:00:00,3,116
2025-08-14T18:00:00,5,115
2025-08-14T19:00:00,5,88
2025-08-14T20:00:00,2,11
2025-08-15T08:00:00,7,28
2025-08-15T09:00:00,2,40
2025-08-15T10:00:00,3,96
2025-08-15T12:00:00,3,176
2025-08-15T13:00:00,3,204
2025-08-15T14:00:00,3,263
2025-08-15T15:00:00,3,271
2025-08-15T16:00:00,2,290
2025-08-15T17:00:00,2,315
2025-08-15T18:00:00,2,220
2025-08-15T19:00:00,2,132
2025-08-16T08:00:00,1,2
2025-08-16T09:00:00,1,5
2025-08-16T10:00:00,3,21
2025-08-16T11:00:00,3,44
2025-08-16T12:00:00,4,98
2025-08-16T13:00:00,5,145
2025-08-16T14:00:00,5,171
2025-08-16T15:00:00,3,183
2025-08-16T16:00:00,3,206
2025-08-16T17:00:00,4,175
2025-08-16T18:00:00,3,92
2025-08-16T19:00:00,3,51
2025-08-16T20:00:00,3,49
2025-08-17T08:00:00,2,4
2025-08-17T09:00:00,2,9
2025-08-17T10:00:00,5,22
2025-08-17T11:00:00,3,88
2025-08-17T12:00:00,5,148
2025-08-17T12:00:00,4,184
2025-08-17T12:00:00,5,148
2025-08-17T13:00:00,4,184
2025-08-17T14:00:00,2,280
2025-08-17T16:00:00,3,274
2025-08-17T17:00:00,3,273
2025-08-17T18:00:00,2,218
2025-08-17T19:00:00,1,147
2025-08-18T08:00:00,12,24
2025-08-18T09:00:00,12,27
2025-08-18T10:00:00,14,41
2025-08-18T11:00:00,14,78
2025-08-18T12:00:00,13,121
2025-08-18T13:00:00,13,144
2025-08-18T14:00:00,16,178
2025-08-18T14:00:00,16,178
2025-08-18T15:00:00,10,174
2025-08-18T16:00:00,7,176
2025-08-18T17:00:00,3,143
2025-08-18T18:00:00,5,142
2025-08-18T19:00:00,2,48
2025-08-18T20:00:00,3,13
2025-08-19T08:00:00,14,28
2025-08-19T09:00:00,9,21
2025-08-19T10:00:00,11,35
2025-08-19T11:00:00,15,70
2025-08-19T12:00:00,16,101
2025-08-19T13:00:00,18,141
2025-08-19T14:00:00,12,165
2025-08-19T15:00:00,9,172
2025-08-19T16:00:00,10,174
2025-08-19T17:00:00,3,145
2025-08-19T18:00:00,3,106
2025-08-19T19:00:00,0,79
2025-08-19T20:00:00,0,0
2025-08-20T08:00:00,11,22
2025-08-20T09:00:00,7,21
2025-08-20T10:00:00,10,32
2025-08-20T11:00:00,13,50
2025-08-20T12:00:00,16,113
2025-08-20T14:00:00,10,182
2025-08-20T15:00:00,12,220
2025-08-20T16:00:00,11,252
2025-08-20T17:00:00,7,237
2025-08-20T18:00:00,7,192
2025-08-20T19:00:00,7,112
2025-08-20T20:00:00,1,3
2025-08-21T08:00:00,11,20
2025-08-21T09:00:00,10,26
2025-08-21T10:00:00,18,88
2025-08-21T11:00:00,17,137
2025-08-21T12:00:00,17,142
2025-08-21T13:00:00,7,160
2025-08-21T14:00:00,5,201
2025-08-21T15:00:00,5,145
2025-08-21T17:00:00,2,187
2025-08-21T18:00:00,1,118
2025-08-21T19:00:00,1,59
2025-08-21T20:00:00,1,2
2025-08-22T08:00:00,14,28
2025-08-22T09:00:00,12,23
2025-08-22T10:00:00,14,36
2025-08-22T11:00:00,10,85
2025-08-22T12:00:00,12,124
2025-08-22T13:00:00,13,156
2025-08-22T14:00:00,9,178
2025-08-22T15:00:00,7,136
2025-08-22T16:00:00,2,97
2025-08-22T18:00:00,2,90
2025-08-22T19:00:00,2,41
2025-08-22T20:00:00,1,9
2025-08-23T08:00:00,6,12
2025-08-23T09:00:00,1,16
2025-08-23T10:00:00,0,22
2025-08-23T11:00:00,0,51
2025-08-23T12:00:00,3,111
2025-08-23T13:00:00,3,145
2025-08-23T14:00:00,4,215
2025-08-23T15:00:00,5,213
2025-08-23T16:00:00,6,213
2025-08-23T17:00:00,5,211
2025-08-23T18:00:00,4,200
2025-08-23T19:00:00,3,112
2025-08-24T08:00:00,3,6
2025-08-24T09:00:00,4,16
2025-08-24T10:00:00,3,19
2025-08-24T11:00:00,2,47
2025-08-24T12:00:00,2,103
2025-08-24T13:00:00,1,143
2025-08-24T14:00:00,4,232
2025-08-24T14:00:00,4,219
2025-08-24T15:00:00,3,223
2025-08-24T16:00:00,4,229
2025-08-24T17:00:00,4,245
2025-08-24T17:00:00,4,245
2025-08-24T18:00:00,4,187
2025-08-24T19:00:00,2,155
2025-08-24T20:00:00,1,1
2025-08-25T08:00:00,11,22
2025-08-25T09:00:00,8,24
2025-08-25T10:00:00,8,36
2025-08-25T11:00:00,7,41
2025-08-25T12:00:00,8,95
2025-08-25T13:00:00,8,136
2025-08-25T14:00:00,8,193
2025-08-25T15:00:00,8,189
2025-08-25T16:00:00,4,166
2025-08-25T17:00:00,3,183
2025-08-25T18:00:00,2,146
2025-08-25T19:00:00,1,58
2025-08-25T20:00:00,1,4
2025-08-26T08:00:00,14,28
2025-08-26T09:00:00,16,41
2025-08-26T10:00:00,16,50
2025-08-26T11:00:00,15,75
2025-08-26T12:00:00,15,108
2025-08-26T13:00:00,14,138
2025-08-26T14:00:00,13,210
2025-08-26T15:00:00,11,168
2025-08-26T16:00:00,4,162
2025-08-26T17:00:00,4,135
2025-08-26T18:00:00,0,128
2025-08-26T19:00:00,0,63
2025-08-26T19:00:00,0,63
2025-08-26T20:00:00,1,2
2025-08-27T08:00:00,14,28
2025-08-27T09:00:00,14,33
2025-08-27T10:00:00,14,39
2025-08-27T11:00:00,15,71
2025-08-27T12:00:00,13,125
2025-08-27T13:00:00,15,119
2025-08-27T13:00:00,15,145
2025-08-27T14:00:00,17,198
2025-08-27T15:00:00,12,197
2025-08-27T16:00:00,6,170
2025-08-27T17:00:00,5,184
2025-08-27T18:00:00,4,161
2025-08-27T19:00:00,5,109
2025-08-27T20:00:00,3,4
2025-08-28T08:00:00,12,24
2025-08-28T09:00:00,12,26
2025-08-28T10:00:00,14,40
2025-08-28T11:00:00,17,82
2025-08-28T12:00:00,17,119
2025-08-28T13:00:00,15,152
2025-08-28T14:00:00,14,181
2025-08-28T15:00:00,3,138
2025-08-28T16:00:00,5,149
2025-08-28T17:00:00,8,132
2025-08-28T18:00:00,8,96
2025-08-28T19:00:00,6,56
2025-08-29T08:00:00,11,22
2025-08-29T09:00:00,10,17
2025-08-29T10:00:00,12,22
2025-08-29T11:00:00,9,53
2025-08-29T12:00:00,9,70
2025-08-29T13:00:00,10,125
2025-08-29T14:00:00,5,106
2025-08-29T15:00:00,2,108
2025-08-29T16:00:00,5,117
2025-08-29T17:00:00,7,131
2025-08-29T18:00:00,4,107
2025-08-29T19:00:00,4,86
2025-08-29T20:00:00,1,2
2025-08-30T08:00:00,10,25
2025-08-30T09:00:00,8,17
2025-08-30T10:00:00,4,22
2025-08-30T11:00:00,4,45
2025-08-30T12:00:00,6,105
2025-08-30T13:00:00,3,149
2025-08-30T14:00:00,4,185
2025-08-30T15:00:00,4,162
2025-08-30T16:00:00,3,169
2025-08-30T17:00:00,5,174
2025-08-30T18:00:00,5,141
2025-08-31T08:00:00,0,0
2025-08-31T09:00:00,1,7
2025-08-31T10:00:00,4,20
2025-08-31T11:00:00,4,59
2025-08-31T12:00:00,5,106
2025-08-31T13:00:00,5,153
2025-08-31T14:00:00,4,195
2025-08-31T15:00:00,3,192
2025-08-31T16:00:00,5,224
2025-08-31T17:00:00,6,213
2025-08-31T18:00:00,5,177
2025-08-31T18:00:00,2,148
2025-08-31T19:00:00,2,73
2025-08-31T20:00:00,0,0
2025-09-01T08:00:00,11,22
2025-09-01T09:00:00,10,37
2025-09-01T10:00:00,10,36
2025-09-01T11:00:00,8,44
2025-09-01T11:00:00,7,43
2025-09-01T12:00:00,5,71
2025-09-01T13:00:00,4,85
2025-09-01T14:00:00,6,103
2025-09-01T15:00:00,7,104
2025-09-01T15:00:00,7,104
2025-09-01T16:00:00,8,94
2025-09-01T17:00:00,5,103
2025-09-01T18:00:00,3,63
2025-09-01T19:00:00,1,30
2025-09-01T19:00:00,1,30
2025-09-01T20:00:00,1,1
2025-09-01T20:00:00,1,1
2025-09-02T08:00:00,7,13
2025-09-02T09:00:00,12,23
2025-09-02T10:00:00,8,16
2025-09-02T11:00:00,10,38
2025-09-02T12:00:00,8,63
2025-09-02T13:00:00,9,110
2025-09-02T14:00:00,11,123
2025-09-02T15:00:00,8,152
2025-09-02T16:00:00,3,163
2025-09-02T17:00:00,5,163
2025-09-02T18:00:00,2,131
2025-09-02T19:00:00,3,37
2025-09-03T08:00:00,14,28
2025-09-03T09:00:00,8,23
2025-09-03T10:00:00,10,29
2025-09-03T11:00:00,7,41
2025-09-03T12:00:00,6,90
2025-09-03T13:00:00,5,112
2025-09-03T14:00:00,7,132
2025-09-03T15:00:00,7,105
2025-09-03T16:00:00,4,92
2025-09-03T17:00:00,6,100
2025-09-03T18:00:00,2,89
2025-09-03T19:00:00,2,42
2025-09-03T20:00:00,0,2
2025-09-04T08:00:00,13,26
2025-09-04T10:00:00,8,28
2025-09-04T12:00:00,8,115
2025-09-04T13:00:00,9,113
2025-09-04T14:00:00,10,34
2025-09-04T15:00:00,9,118
2025-09-04T16:00:00,5,115
2025-09-04T17:00:00,6,126
2025-09-04T18:00:00,7,91
2025-09-04T19:00:00,7,71
2025-09-04T20:00:00,1,5
2025-09-05T08:00:00,11,22
2025-09-05T09:00:00,6,23
2025-09-05T10:00:00,9,30
2025-09-05T11:00:00,9,39
2025-09-05T12:00:00,11,90
2025-09-05T13:00:00,9,117
2025-09-05T14:00:00,3,100
2025-09-05T15:00:00,3,103
2025-09-05T16:00:00,3,106
2025-09-05T17:00:00,3,96
2025-09-05T18:00:00,3,68
2025-09-05T19:00:00,3,42
2025-09-05T20:00:00,1,4
2025-09-06T08:00:00,6,12
2025-09-06T09:00:00,3,18
2025-09-06T10:00:00,7,30
2025-09-06T11:00:00,5,65
2025-09-06T12:00:00,3,84
2025-09-06T13:00:00,3,120
2025-09-06T14:00:00,3,102
2025-09-06T15:00:00,3,107
2025-09-06T16:00:00,5,104
2025-09-06T17:00:00,5,123
2025-09-06T18:00:00,4,102
2025-09-06T19:00:00,2,64
2025-09-06T19:00:00,0,33
2025-09-06T20:00:00,0,0
2025-09-07T08:00:00,1,8
2025-09-07T09:00:00,3,15
2025-09-07T10:00:00,3,26
2025-09-07T11:00:00,6,55
2025-09-07T12:00:00,7,115
2025-09-07T12:00:00,7,115
2025-09-07T13:00:00,6,161
2025-09-07T14:00:00,2,204
2025-09-07T15:00:00,5,237
2025-09-07T16:00:00,5,220
2025-09-07T17:00:00,4,184
2025-09-07T18:00:00,4,147
2025-09-07T19:00:00,1,46
2025-09-07T20:00:00,1,2
2025-09-08T09:00:00,6,12
2025-09-08T10:00:00,14,24
2025-09-08T10:00:00,14,24
2025-09-08T11:00:00,11,42
2025-09-08T12:00:00,9,88
2025-09-08T13:00:00,11,90
2025-09-08T14:00:00,8,94
2025-09-08T15:00:00,8,90
2025-09-08T16:00:00,4,59
2025-09-08T17:00:00,6,75
2025-09-08T18:00:00,4,58
2025-09-08T19:00:00,1,1
2025-09-09T09:00:00,10,20
2025-09-09T10:00:00,8,15
2025-09-09T11:00:00,10,41
2025-09-09T12:00:00,9,69
2025-09-09T13:00:00,9,125
2025-09-09T14:00:00,8,138
2025-09-09T15:00:00,4,74
2025-09-09T16:00:00,8,67
2025-09-09T17:00:00,4,40
2025-09-09T18:00:00,3,32
2025-09-09T18:00:00,3,32
2025-09-09T19:00:00,1,1
2025-09-10T09:00:00,10,20
2025-09-10T10:00:00,2,3
2025-09-10T11:00:00,1,46
2025-09-10T12:00:00,1,80
2025-09-10T13:00:00,1,92
2025-09-10T14:00:00,2,75
2025-09-10T15:00:00,3,66
2025-09-10T15:00:00,3,66
2025-09-10T16:00:00,4,82
2025-09-10T17:00:00,4,64
2025-09-10T18:00:00,6,44
2025-09-10T19:00:00,3,6
2025-09-10T20:00:00,3,6
2025-09-11T09:00:00,11,22
2025-09-11T10:00:00,7,13
2025-09-11T11:00:00,8,39
2025-09-11T12:00:00,8,54
2025-09-11T13:00:00,8,88
2025-09-11T14:00:00,9,77
2025-09-11T15:00:00,3,62
2025-09-11T16:00:00,7,61
2025-09-11T17:00:00,7,61
2025-09-11T18:00:00,5,41
2025-09-11T19:00:00,2,2
2025-09-11T20:00:00,2,2
2025-09-12T09:00:00,15,30
2025-09-12T10:00:00,11,25
2025-09-12T11:00:00,11,44
2025-09-12T12:00:00,7,61
2025-09-12T12:00:00,7,61
2025-09-12T13:00:00,9,105
2025-09-12T14:00:00,4,74
2025-09-12T15:00:00,3,65
2025-09-12T16:00:00,8,61
2025-09-12T17:00:00,5,50
2025-09-12T18:00:00,5,42
2025-09-12T19:00:00,5,15
2025-09-12T20:00:00,3,6
2025-09-13T09:00:00,5,10
2025-09-13T10:00:00,5,6
2025-09-13T11:00:00,6,62
2025-09-13T12:00:00,7,99
2025-09-13T13:00:00,6,139
2025-09-13T14:00:00,6,169
2025-09-13T15:00:00,6,190
2025-09-13T16:00:00,4,175
2025-09-13T17:00:00,4,137
2025-09-13T19:00:00,2,40
2025-09-13T20:00:00,2,2
2025-09-14T09:00:00,7,14
2025-09-14T10:00:00,2,2
2025-09-14T11:00:00,2,32
2025-09-14T12:00:00,3,98
2025-09-14T13:00:00,4,128
2025-09-14T15:00:00,1,155
2025-09-14T16:00:00,5,122
2025-09-14T17:00:00,4,94
2025-09-14T18:00:00,3,58
2025-09-14T19:00:00,2,35
2025-09-14T20:00:00,1,2
2025-09-15T09:00:00,9,18
2025-09-15T10:00:00,5,9
2025-09-15T11:00:00,6,43
2025-09-15T12:00:00,5,49
2025-09-15T13:00:00,6,53
2025-09-15T14:00:00,6,77
2025-09-15T14:00:00,6,77
2025-09-15T15:00:00,3,67
2025-09-15T16:00:00,3,43
2025-09-15T17:00:00,2,40
2025-09-15T18:00:00,1,17
2025-09-15T19:00:00,0,9
2025-09-15T20:00:00,0,0
2025-09-16T09:00:00,11,22
2025-09-16T10:00:00,3,5
2025-09-16T11:00:00,4,25
2025-09-16T12:00:00,5,50
2025-09-16T13:00:00,2,65
2025-09-16T14:00:00,3,34
2025-09-16T15:00:00,4,36
2025-09-16T16:00:00,6,37
2025-09-16T17:00:00,4,49
2025-09-16T18:00:00,4,31
2025-09-16T19:00:00,1,12
2025-09-16T20:00:00,0,0
2025-09-17T09:00:00,15,30
2025-09-17T10:00:00,17,30
2025-09-17T11:00:00,17,72
2025-09-17T12:00:00,18,98
2025-09-17T13:00:00,14,108
2025-09-17T14:00:00,8,96
2025-09-17T15:00:00,7,75
2025-09-17T17:00:00,2,40
2025-09-17T18:00:00,2,31
2025-09-17T19:00:00,0,6
2025-09-17T20:00:00,0,2
2025-09-18T09:00:00,16,32
2025-09-18T10:00:00,14,26
2025-09-18T11:00:00,18,60
2025-09-18T12:00:00,18,109
2025-09-18T13:00:00,11,109
2025-09-18T15:00:00,11,86
2025-09-18T16:00:00,9,64
2025-09-18T17:00:00,9,60
2025-09-18T18:00:00,8,67
2025-09-18T19:00:00,3,29
2025-09-18T20:00:00,0,0
2025-09-19T09:00:00,12,24
2025-09-19T10:00:00,8,14
2025-09-19T11:00:00,9,33
2025-09-19T11:00:00,9,33
2025-09-19T12:00:00,11,94
2025-09-19T13:00:00,10,99
2025-09-19T14:00:00,6,106
2025-09-19T15:00:00,3,65
2025-09-19T16:00:00,7,56
2025-09-19T17:00:00,7,80
2025-09-19T18:00:00,7,63
2025-09-19T19:00:00,2,22
2025-09-20T09:00:00,10,20
2025-09-20T11:00:00,8,44
2025-09-20T13:00:00,6,109
2025-09-20T14:00:00,6,103
2025-09-20T15:00:00,6,106
2025-09-20T16:00:00,6,91
2025-09-20T17:00:00,6,98
2025-09-20T18:00:00,4,55
2025-09-20T19:00:00,3,25
2025-09-20T20:00:00,0,0
2025-09-21T10:00:00,3,3
2025-09-21T11:00:00,5,29
2025-09-21T12:00:00,4,51
2025-09-21T13:00:00,3,104
2025-09-21T14:00:00,2,118
2025-09-21T15:00:00,0,111
2025-09-21T16:00:00,2,124
2025-09-21T17:00:00,2,98
2025-09-21T18:00:00,1,48
2025-09-21T18:00:00,1,48
2025-09-21T19:00:00,0,28
2025-09-21T20:00:00,0,0
2025-09-22T09:00:00,9,18
2025-09-22T10:00:00,5,39
2025-09-22T10:00:00,3,8
2025-09-22T11:00:00,3,51
2025-09-22T12:00:00,5,80
2025-09-22T13:00:00,3,78
2025-09-22T15:00:00,5,57
2025-09-22T16:00:00,3,40
2025-09-22T17:00:00,5,80
2025-09-22T18:00:00,3,38
2025-09-22T19:00:00,2,35
2025-09-22T20:00:00,0,0
2025-09-23T09:00:00,11,22
2025-09-23T10:00:00,9,17
2025-09-23T11:00:00,14,44
2025-09-23T12:00:00,11,57
2025-09-23T13:00:00,9,75
2025-09-23T14:00:00,8,76
2025-09-23T15:00:00,4,70
2025-09-23T16:00:00,3,54
2025-09-23T17:00:00,3,52
2025-09-23T18:00:00,1,59
2025-09-23T20:00:00,1,1
2025-09-24T09:00:00,12,24
2025-09-24T10:00:00,7,14
2025-09-24T11:00:00,11,55
2025-09-24T12:00:00,10,67
2025-09-24T13:00:00,10,80
2025-09-24T14:00:00,7,93
2025-09-24T15:00:00,9,78
2025-09-24T16:00:00,7,86
2025-09-24T17:00:00,5,97
2025-09-24T18:00:00,4,68
2025-09-24T19:00:00,2,29
2025-09-24T20:00:00,0,0
2025-09-25T09:00:00,10,20
2025-09-25T10:00:00,14,28
2025-09-25T11:00:00,11,49
2025-09-25T12:00:00,9,74
2025-09-25T13:00:00,10,82
2025-09-25T15:00:00,5,62
2025-09-25T16:00:00,6,32
2025-09-25T17:00:00,6,53
2025-09-25T18:00:00,6,38
2025-09-25T19:00:00,4,30
2025-09-26T09:00:00,12,24
2025-09-26T10:00:00,9,19
2025-09-26T11:00:00,12,45
2025-09-26T12:00:00,11,59
2025-09-26T13:00:00,5,69
2025-09-26T13:00:00,5,69
2025-09-26T14:00:00,3,88
2025-09-26T15:00:00,4,73
2025-09-26T16:00:00,5,69
2025-09-26T17:00:00,3,57
2025-09-26T18:00:00,2,46
2025-09-26T19:00:00,2,31
2025-09-26T20:00:00,2,4
2025-09-27T09:00:00,5,10
2025-09-27T10:00:00,2,5
2025-09-27T11:00:00,3,38
2025-09-27T12:00:00,5,68
2025-09-27T13:00:00,5,108
2025-09-27T14:00:00,6,146
2025-09-27T15:00:00,6,110
2025-09-27T16:00:00,4,79
2025-09-27T17:00:00,4,32
2025-09-27T18:00:00,4,21
2025-09-27T19:00:00,2,18
2025-09-27T20:00:00,2,7
2025-09-28T09:00:00,3,8
2025-09-28T11:00:00,3,39
2025-09-28T12:00:00,3,96
2025-09-28T13:00:00,3,145
2025-09-28T13:00:00,3,127
2025-09-28T14:00:00,3,146
2025-09-28T15:00:00,5,161
2025-09-28T16:00:00,6,131
2025-09-28T17:00:00,6,104
2025-09-28T18:00:00,6,93
2025-09-28T19:00:00,2,27
2025-09-28T20:00:00,2,7
2025-09-29T09:00:00,13,26
2025-09-29T10:00:00,7,14
2025-09-29T11:00:00,6,65
2025-09-29T12:00:00,6,60
2025-09-29T13:00:00,5,62
2025-09-29T14:00:00,5,45
2025-09-29T15:00:00,3,45
2025-09-29T16:00:00,3,26
2025-09-29T17:00:00,4,44
2025-09-29T18:00:00,2,38
2025-09-29T19:00:00,2,13
2025-09-29T20:00:00,2,7
